3,2
1a,mitte
1b,mitte
1c,mitte
1d,mitte
1e,mitte
1f,mitte
2a,mitte
2b,mitte
2c,mitte
2d,mitte
2e,mitte
3a,mitte
3b,mitte
3c,mitte
3d,mitte
3e,mitte
3f,mitte
4a,mitte
4b,mitte
4c,mitte
4d,mitte
4e,mitte
4f,mitte
5a,mitte
5b,mitte
5c,mitte
5d,mitte
5e,mitte
6a,mitte
6b,mitte
6c,mitte
6d,mitte
6e,mitte
6f,mitte
100,mitte
101,mitte
102,mitte
103,mitte
104,mitte
105,mitte
106,mitte
107,mitte
108,mitte
109,mitte
110,mitte
111,mitte
112,mitte
113,mitte
114,mitte
115,mitte
116,mitte
117,mitte
118,mitte
119,mitte
120,mitte
121,mitte
122,mitte
123,mitte
124,mitte
125,mitte
126,mitte
127,mitte
128,mitte
129,mitte
130,mitte
131,mitte
200,mitte
201,mitte
202,mitte
203,mitte
204,mitte
205,mitte
206,mitte
207,mitte
208,mitte
209,mitte
210,mitte
211,mitte
212,mitte
213,mitte
214,mitte
215,mitte
216,mitte
217,mitte
218,mitte
219,mitte
220,mitte
221,mitte
222,mitte
223,mitte
224,mitte
225,mitte
226,mitte
227,mitte
228,mitte
229,mitte
230,mitte
231,mitte
300,mitte
301,mitte
302,mitte
303,mitte
304,mitte
305,mitte
306,mitte
307,mitte
308,mitte
309,mitte
310,mitte
311,mitte
312,mitte
313,mitte
314,mitte
315,mitte
316,mitte
317,mitte
318,mitte
319,mitte
320,mitte
321,mitte
322,mitte
323,mitte
324,mitte
325,mitte
326,mitte
327,mitte
328,mitte
329,mitte
330,mitte
400,mitte
401,mitte
402,mitte
403,mitte
404,mitte
405,mitte
406,mitte
407,mitte
408,mitte
409,mitte
410,mitte
411,mitte
412,mitte
413,mitte
414,mitte
415,mitte
416,mitte
417,mitte
418,mitte
419,mitte
420,mitte
421,mitte
422,mitte
423,mitte
424,mitte
425,mitte
426,mitte
427,mitte
428,mitte
429,mitte
430,mitte
431,mitte
432,mitte
433,mitte
500,mitte
501,mitte
502,mitte
503,mitte
504,mitte
505,mitte
506,mitte
507,mitte
508,mitte
509,mitte
510,mitte
511,mitte
512,mitte
513,mitte
514,mitte
515,mitte
516,mitte
517,mitte
518,mitte
519,mitte
520,mitte
521,mitte
522,mitte
523,mitte
524,mitte
525,mitte
526,mitte
527,mitte
528,mitte
529,mitte
530,mitte
600,mitte
601,mitte
602,mitte
603,mitte
604,mitte
605,mitte
606,mitte
607,mitte
608,mitte
609,mitte
610,mitte
611,mitte
612,mitte
613,mitte
614,mitte
615,mitte
616,mitte
617,mitte
618,mitte
619,mitte
620,mitte
621,mitte
622,mitte
623,mitte
624,mitte
625,mitte
626,mitte
627,mitte
628,mitte
629,mitte
630,mitte
631,mitte
632,mitte
633,mitte
634,mitte
635,mitte
1a,friedrichshain kreuzberg
1b,friedrichshain kreuzberg
1c,friedrichshain kreuzberg
1d,friedrichshain kreuzberg
1e,friedrichshain kreuzberg
1f,friedrichshain kreuzberg
1g,friedrichshain kreuzberg
1h,friedrichshain kreuzberg
1i,friedrichshain kreuzberg
2a,friedrichshain kreuzberg
2b,friedrichshain kreuzberg
2c,friedrichshain kreuzberg
2d,friedrichshain kreuzberg
2e,friedrichshain kreuzberg
2f,friedrichshain kreuzberg
2g,friedrichshain kreuzberg
2h,friedrichshain kreuzberg
3a,friedrichshain kreuzberg
3b,friedrichshain kreuzberg
3c,friedrichshain kreuzberg
3d,friedrichshain kreuzberg
3e,friedrichshain kreuzberg
3f,friedrichshain kreuzberg
4a,friedrichshain kreuzberg
4b,friedrichshain kreuzberg
4c,friedrichshain kreuzberg
4d,friedrichshain kreuzberg
4e,friedrichshain kreuzberg
4f,friedrichshain kreuzberg
4g,friedrichshain kreuzberg
4h,friedrichshain kreuzberg
5a,friedrichshain kreuzberg
5b,friedrichshain kreuzberg
5c,friedrichshain kreuzberg
5d,friedrichshain kreuzberg
5e,friedrichshain kreuzberg
5f,friedrichshain kreuzberg
5g,friedrichshain kreuzberg
5h,friedrichshain kreuzberg
6a,friedrichshain kreuzberg
6b,friedrichshain kreuzberg
6c,friedrichshain kreuzberg
6d,friedrichshain kreuzberg
6e,friedrichshain kreuzberg
6f,friedrichshain kreuzberg
6g,friedrichshain kreuzberg
6h,friedrichshain kreuzberg
101,friedrichshain kreuzberg
102,friedrichshain kreuzberg
103,friedrichshain kreuzberg
104,friedrichshain kreuzberg
105,friedrichshain kreuzberg
106,friedrichshain kreuzberg
107,friedrichshain kreuzberg
108,friedrichshain kreuzberg
109,friedrichshain kreuzberg
110,friedrichshain kreuzberg
111,friedrichshain kreuzberg
112,friedrichshain kreuzberg
113,friedrichshain kreuzberg
114,friedrichshain kreuzberg
115,friedrichshain kreuzberg
201,friedrichshain kreuzberg
202,friedrichshain kreuzberg
203,friedrichshain kreuzberg
204,friedrichshain kreuzberg
205,friedrichshain kreuzberg
206,friedrichshain kreuzberg
207,friedrichshain kreuzberg
208,friedrichshain kreuzberg
209,friedrichshain kreuzberg
210,friedrichshain kreuzberg
211,friedrichshain kreuzberg
212,friedrichshain kreuzberg
213,friedrichshain kreuzberg
214,friedrichshain kreuzberg
215,friedrichshain kreuzberg
301,friedrichshain kreuzberg
302,friedrichshain kreuzberg
303,friedrichshain kreuzberg
304,friedrichshain kreuzberg
305,friedrichshain kreuzberg
306,friedrichshain kreuzberg
307,friedrichshain kreuzberg
308,friedrichshain kreuzberg
309,friedrichshain kreuzberg
310,friedrichshain kreuzberg
311,friedrichshain kreuzberg
312,friedrichshain kreuzberg
313,friedrichshain kreuzberg
314,friedrichshain kreuzberg
315,friedrichshain kreuzberg
401,friedrichshain kreuzberg
402,friedrichshain kreuzberg
403,friedrichshain kreuzberg
404,friedrichshain kreuzberg
405,friedrichshain kreuzberg
406,friedrichshain kreuzberg
407,friedrichshain kreuzberg
408,friedrichshain kreuzberg
409,friedrichshain kreuzberg
410,friedrichshain kreuzberg
411,friedrichshain kreuzberg
412,friedrichshain kreuzberg
413,friedrichshain kreuzberg
414,friedrichshain kreuzberg
415,friedrichshain kreuzberg
501,friedrichshain kreuzberg
502,friedrichshain kreuzberg
503,friedrichshain kreuzberg
504,friedrichshain kreuzberg
505,friedrichshain kreuzberg
506,friedrichshain kreuzberg
507,friedrichshain kreuzberg
508,friedrichshain kreuzberg
509,friedrichshain kreuzberg
510,friedrichshain kreuzberg
511,friedrichshain kreuzberg
512,friedrichshain kreuzberg
513,friedrichshain kreuzberg
514,friedrichshain kreuzberg
515,friedrichshain kreuzberg
516,friedrichshain kreuzberg
601,friedrichshain kreuzberg
602,friedrichshain kreuzberg
603,friedrichshain kreuzberg
604,friedrichshain kreuzberg
605,friedrichshain kreuzberg
606,friedrichshain kreuzberg
607,friedrichshain kreuzberg
608,friedrichshain kreuzberg
609,friedrichshain kreuzberg
610,friedrichshain kreuzberg
611,friedrichshain kreuzberg
612,friedrichshain kreuzberg
613,friedrichshain kreuzberg
614,friedrichshain kreuzberg
615,friedrichshain kreuzberg
616,friedrichshain kreuzberg
1a,pankow
1b,pankow
1c,pankow
1d,pankow
1e,pankow
1f,pankow
1g,pankow
1h,pankow
1i,pankow
1j,pankow
2a,pankow
2b,pankow
2c,pankow
2d,pankow
2e,pankow
2f,pankow
2g,pankow
2h,pankow
2i,pankow
2j,pankow
3a,pankow
3b,pankow
3c,pankow
3d,pankow
3e,pankow
3f,pankow
3g,pankow
3h,pankow
3i,pankow
4a,pankow
4b,pankow
4c,pankow
4d,pankow
4e,pankow
4f,pankow
4g,pankow
4h,pankow
5a,pankow
5b,pankow
5c,pankow
5d,pankow
5e,pankow
5f,pankow
5g,pankow
5h,pankow
5i,pankow
5j,pankow
6a,pankow
6b,pankow
6c,pankow
6d,pankow
6e,pankow
6f,pankow
6g,pankow
6h,pankow
6i,pankow
6j,pankow
7a,pankow
7b,pankow
7c,pankow
7d,pankow
7e,pankow
7f,pankow
7g,pankow
7h,pankow
7i,pankow
8a,pankow
8b,pankow
8c,pankow
8d,pankow
8e,pankow
8f,pankow
8g,pankow
8h,pankow
8i,pankow
9a,pankow
9b,pankow
9c,pankow
9d,pankow
9e,pankow
9f,pankow
9g,pankow
9h,pankow
9i,pankow
9j,pankow
9k,pankow
101,pankow
102,pankow
103,pankow
104,pankow
105,pankow
106,pankow
107,pankow
108,pankow
109,pankow
110,pankow
111,pankow
112,pankow
113,pankow
114,pankow
115,pankow
116,pankow
117,pankow
118,pankow
119,pankow
120,pankow
121,pankow
201,pankow
202,pankow
203,pankow
204,pankow
205,pankow
206,pankow
207,pankow
208,pankow
209,pankow
210,pankow
211,pankow
212,pankow
213,pankow
214,pankow
215,pankow
216,pankow
217,pankow
218,pankow
219,pankow
220,pankow
301,pankow
302,pankow
303,pankow
304,pankow
305,pankow
306,pankow
307,pankow
308,pankow
309,pankow
310,pankow
311,pankow
312,pankow
313,pankow
314,pankow
315,pankow
316,pankow
317,pankow
318,pankow
319,pankow
401,pankow
402,pankow
403,pankow
404,pankow
405,pankow
406,pankow
407,pankow
408,pankow
409,pankow
410,pankow
411,pankow
412,pankow
413,pankow
414,pankow
415,pankow
416,pankow
417,pankow
501,pankow
502,pankow
503,pankow
504,pankow
505,pankow
506,pankow
507,pankow
508,pankow
509,pankow
510,pankow
511,pankow
512,pankow
513,pankow
514,pankow
515,pankow
516,pankow
517,pankow
518,pankow
519,pankow
520,pankow
601,pankow
602,pankow
603,pankow
604,pankow
605,pankow
606,pankow
607,pankow
608,pankow
609,pankow
610,pankow
611,pankow
612,pankow
613,pankow
614,pankow
615,pankow
616,pankow
617,pankow
618,pankow
619,pankow
620,pankow
701,pankow
702,pankow
703,pankow
704,pankow
705,pankow
706,pankow
707,pankow
708,pankow
709,pankow
710,pankow
711,pankow
712,pankow
713,pankow
714,pankow
715,pankow
716,pankow
717,pankow
718,pankow
719,pankow
720,pankow
801,pankow
802,pankow
803,pankow
804,pankow
805,pankow
806,pankow
807,pankow
808,pankow
809,pankow
810,pankow
811,pankow
812,pankow
813,pankow
814,pankow
815,pankow
816,pankow
817,pankow
818,pankow
819,pankow
901,pankow
902,pankow
903,pankow
904,pankow
905,pankow
906,pankow
907,pankow
908,pankow
909,pankow
910,pankow
911,pankow
912,pankow
913,pankow
914,pankow
915,pankow
916,pankow
917,pankow
918,pankow
919,pankow
920,pankow
921,pankow
922,pankow
923,pankow
924,pankow
1a,charlottenburg wilmersdorf
1b,charlottenburg wilmersdorf
1c,charlottenburg wilmersdorf
1d,charlottenburg wilmersdorf
1e,charlottenburg wilmersdorf
1f,charlottenburg wilmersdorf
2a,charlottenburg wilmersdorf
2b,charlottenburg wilmersdorf
2c,charlottenburg wilmersdorf
2d,charlottenburg wilmersdorf
2e,charlottenburg wilmersdorf
2f,charlottenburg wilmersdorf
2g,charlottenburg wilmersdorf
2h,charlottenburg wilmersdorf
3a,charlottenburg wilmersdorf
3b,charlottenburg wilmersdorf
3c,charlottenburg wilmersdorf
3d,charlottenburg wilmersdorf
3e,charlottenburg wilmersdorf
3f,charlottenburg wilmersdorf
3g,charlottenburg wilmersdorf
3h,charlottenburg wilmersdorf
4a,charlottenburg wilmersdorf
4b,charlottenburg wilmersdorf
4c,charlottenburg wilmersdorf
4d,charlottenburg wilmersdorf
4e,charlottenburg wilmersdorf
4f,charlottenburg wilmersdorf
4g,charlottenburg wilmersdorf
4h,charlottenburg wilmersdorf
5a,charlottenburg wilmersdorf
5b,charlottenburg wilmersdorf
5c,charlottenburg wilmersdorf
5d,charlottenburg wilmersdorf
5e,charlottenburg wilmersdorf
5f,charlottenburg wilmersdorf
5g,charlottenburg wilmersdorf
5h,charlottenburg wilmersdorf
6a,charlottenburg wilmersdorf
6b,charlottenburg wilmersdorf
6c,charlottenburg wilmersdorf
6d,charlottenburg wilmersdorf
6e,charlottenburg wilmersdorf
6f,charlottenburg wilmersdorf
6g,charlottenburg wilmersdorf
6h,charlottenburg wilmersdorf
7a,charlottenburg wilmersdorf
7b,charlottenburg wilmersdorf
7c,charlottenburg wilmersdorf
7d,charlottenburg wilmersdorf
7e,charlottenburg wilmersdorf
7f,charlottenburg wilmersdorf
7g,charlottenburg wilmersdorf
7h,charlottenburg wilmersdorf
8a,charlottenburg wilmersdorf
8b,charlottenburg wilmersdorf
101,charlottenburg wilmersdorf
102,charlottenburg wilmersdorf
103,charlottenburg wilmersdorf
104,charlottenburg wilmersdorf
105,charlottenburg wilmersdorf
106,charlottenburg wilmersdorf
107,charlottenburg wilmersdorf
108,charlottenburg wilmersdorf
109,charlottenburg wilmersdorf
110,charlottenburg wilmersdorf
111,charlottenburg wilmersdorf
112,charlottenburg wilmersdorf
113,charlottenburg wilmersdorf
114,charlottenburg wilmersdorf
115,charlottenburg wilmersdorf
116,charlottenburg wilmersdorf
117,charlottenburg wilmersdorf
118,charlottenburg wilmersdorf
201,charlottenburg wilmersdorf
202,charlottenburg wilmersdorf
203,charlottenburg wilmersdorf
204,charlottenburg wilmersdorf
205,charlottenburg wilmersdorf
206,charlottenburg wilmersdorf
207,charlottenburg wilmersdorf
208,charlottenburg wilmersdorf
209,charlottenburg wilmersdorf
210,charlottenburg wilmersdorf
211,charlottenburg wilmersdorf
212,charlottenburg wilmersdorf
213,charlottenburg wilmersdorf
214,charlottenburg wilmersdorf
215,charlottenburg wilmersdorf
216,charlottenburg wilmersdorf
217,charlottenburg wilmersdorf
218,charlottenburg wilmersdorf
219,charlottenburg wilmersdorf
220,charlottenburg wilmersdorf
221,charlottenburg wilmersdorf
222,charlottenburg wilmersdorf
223,charlottenburg wilmersdorf
224,charlottenburg wilmersdorf
301,charlottenburg wilmersdorf
302,charlottenburg wilmersdorf
303,charlottenburg wilmersdorf
304,charlottenburg wilmersdorf
305,charlottenburg wilmersdorf
306,charlottenburg wilmersdorf
307,charlottenburg wilmersdorf
308,charlottenburg wilmersdorf
309,charlottenburg wilmersdorf
310,charlottenburg wilmersdorf
311,charlottenburg wilmersdorf
312,charlottenburg wilmersdorf
313,charlottenburg wilmersdorf
314,charlottenburg wilmersdorf
315,charlottenburg wilmersdorf
316,charlottenburg wilmersdorf
317,charlottenburg wilmersdorf
318,charlottenburg wilmersdorf
319,charlottenburg wilmersdorf
320,charlottenburg wilmersdorf
321,charlottenburg wilmersdorf
322,charlottenburg wilmersdorf
323,charlottenburg wilmersdorf
324,charlottenburg wilmersdorf
401,charlottenburg wilmersdorf
402,charlottenburg wilmersdorf
403,charlottenburg wilmersdorf
404,charlottenburg wilmersdorf
405,charlottenburg wilmersdorf
406,charlottenburg wilmersdorf
407,charlottenburg wilmersdorf
408,charlottenburg wilmersdorf
409,charlottenburg wilmersdorf
410,charlottenburg wilmersdorf
411,charlottenburg wilmersdorf
412,charlottenburg wilmersdorf
413,charlottenburg wilmersdorf
414,charlottenburg wilmersdorf
415,charlottenburg wilmersdorf
416,charlottenburg wilmersdorf
417,charlottenburg wilmersdorf
418,charlottenburg wilmersdorf
419,charlottenburg wilmersdorf
420,charlottenburg wilmersdorf
421,charlottenburg wilmersdorf
422,charlottenburg wilmersdorf
423,charlottenburg wilmersdorf
424,charlottenburg wilmersdorf
425,charlottenburg wilmersdorf
501,charlottenburg wilmersdorf
502,charlottenburg wilmersdorf
503,charlottenburg wilmersdorf
504,charlottenburg wilmersdorf
505,charlottenburg wilmersdorf
506,charlottenburg wilmersdorf
507,charlottenburg wilmersdorf
508,charlottenburg wilmersdorf
509,charlottenburg wilmersdorf
510,charlottenburg wilmersdorf
511,charlottenburg wilmersdorf
512,charlottenburg wilmersdorf
513,charlottenburg wilmersdorf
514,charlottenburg wilmersdorf
515,charlottenburg wilmersdorf
516,charlottenburg wilmersdorf
517,charlottenburg wilmersdorf
518,charlottenburg wilmersdorf
519,charlottenburg wilmersdorf
520,charlottenburg wilmersdorf
521,charlottenburg wilmersdorf
522,charlottenburg wilmersdorf
523,charlottenburg wilmersdorf
524,charlottenburg wilmersdorf
525,charlottenburg wilmersdorf
601,charlottenburg wilmersdorf
602,charlottenburg wilmersdorf
603,charlottenburg wilmersdorf
604,charlottenburg wilmersdorf
605,charlottenburg wilmersdorf
606,charlottenburg wilmersdorf
607,charlottenburg wilmersdorf
608,charlottenburg wilmersdorf
609,charlottenburg wilmersdorf
610,charlottenburg wilmersdorf
611,charlottenburg wilmersdorf
612,charlottenburg wilmersdorf
613,charlottenburg wilmersdorf
614,charlottenburg wilmersdorf
615,charlottenburg wilmersdorf
616,charlottenburg wilmersdorf
617,charlottenburg wilmersdorf
618,charlottenburg wilmersdorf
619,charlottenburg wilmersdorf
620,charlottenburg wilmersdorf
621,charlottenburg wilmersdorf
622,charlottenburg wilmersdorf
623,charlottenburg wilmersdorf
624,charlottenburg wilmersdorf
625,charlottenburg wilmersdorf
626,charlottenburg wilmersdorf
701,charlottenburg wilmersdorf
702,charlottenburg wilmersdorf
703,charlottenburg wilmersdorf
704,charlottenburg wilmersdorf
705,charlottenburg wilmersdorf
706,charlottenburg wilmersdorf
707,charlottenburg wilmersdorf
708,charlottenburg wilmersdorf
709,charlottenburg wilmersdorf
710,charlottenburg wilmersdorf
711,charlottenburg wilmersdorf
712,charlottenburg wilmersdorf
713,charlottenburg wilmersdorf
714,charlottenburg wilmersdorf
715,charlottenburg wilmersdorf
716,charlottenburg wilmersdorf
717,charlottenburg wilmersdorf
718,charlottenburg wilmersdorf
719,charlottenburg wilmersdorf
720,charlottenburg wilmersdorf
721,charlottenburg wilmersdorf
722,charlottenburg wilmersdorf
723,charlottenburg wilmersdorf
724,charlottenburg wilmersdorf
801,charlottenburg wilmersdorf
802,charlottenburg wilmersdorf
803,charlottenburg wilmersdorf
804,charlottenburg wilmersdorf
805,charlottenburg wilmersdorf
806,charlottenburg wilmersdorf
1a,spandau
1b,spandau
1c,spandau
1d,spandau
1e,spandau
1f,spandau
1g,spandau
2a,spandau
2b,spandau
2c,spandau
2d,spandau
2e,spandau
2f,spandau
2g,spandau
3a,spandau
3b,spandau
3c,spandau
3d,spandau
3e,spandau
3f,spandau
3g,spandau
4a,spandau
4b,spandau
4c,spandau
4d,spandau
4e,spandau
4f,spandau
4g,spandau
4h,spandau
5a,spandau
5b,spandau
5c,spandau
5d,spandau
5e,spandau
5f,spandau
5g,spandau
5h,spandau
5i,spandau
5j,spandau
101,spandau
102,spandau
103,spandau
104,spandau
105,spandau
106,spandau
107,spandau
108,spandau
109,spandau
110,spandau
111,spandau
112,spandau
113,spandau
114,spandau
115,spandau
116,spandau
117,spandau
118,spandau
119,spandau
120,spandau
121,spandau
122,spandau
123,spandau
124,spandau
125,spandau
126,spandau
127,spandau
128,spandau
129,spandau
130,spandau
131,spandau
132,spandau
133,spandau
201,spandau
202,spandau
203,spandau
204,spandau
205,spandau
206,spandau
207,spandau
208,spandau
209,spandau
210,spandau
211,spandau
212,spandau
213,spandau
214,spandau
215,spandau
216,spandau
217,spandau
218,spandau
219,spandau
220,spandau
221,spandau
222,spandau
223,spandau
224,spandau
225,spandau
226,spandau
227,spandau
228,spandau
229,spandau
230,spandau
231,spandau
301,spandau
302,spandau
303,spandau
304,spandau
305,spandau
306,spandau
307,spandau
308,spandau
309,spandau
310,spandau
311,spandau
312,spandau
313,spandau
314,spandau
315,spandau
316,spandau
317,spandau
318,spandau
319,spandau
320,spandau
321,spandau
322,spandau
323,spandau
324,spandau
325,spandau
326,spandau
327,spandau
328,spandau
329,spandau
330,spandau
331,spandau
332,spandau
401,spandau
402,spandau
403,spandau
404,spandau
405,spandau
406,spandau
407,spandau
408,spandau
409,spandau
410,spandau
411,spandau
412,spandau
413,spandau
414,spandau
415,spandau
416,spandau
417,spandau
418,spandau
419,spandau
420,spandau
421,spandau
422,spandau
423,spandau
424,spandau
425,spandau
426,spandau
427,spandau
428,spandau
429,spandau
430,spandau
431,spandau
501,spandau
502,spandau
503,spandau
504,spandau
505,spandau
506,spandau
507,spandau
508,spandau
509,spandau
510,spandau
511,spandau
512,spandau
513,spandau
514,spandau
515,spandau
516,spandau
517,spandau
518,spandau
519,spandau
520,spandau
521,spandau
522,spandau
523,spandau
524,spandau
525,spandau
526,spandau
527,spandau
528,spandau
529,spandau
530,spandau
531,spandau
1a,steglitz zehlendorf
1b,steglitz zehlendorf
1c,steglitz zehlendorf
1d,steglitz zehlendorf
1e,steglitz zehlendorf
1f,steglitz zehlendorf
1g,steglitz zehlendorf
1h,steglitz zehlendorf
1i,steglitz zehlendorf
2a,steglitz zehlendorf
2b,steglitz zehlendorf
2c,steglitz zehlendorf
2d,steglitz zehlendorf
2e,steglitz zehlendorf
2f,steglitz zehlendorf
2g,steglitz zehlendorf
2h,steglitz zehlendorf
2i,steglitz zehlendorf
3a,steglitz zehlendorf
3b,steglitz zehlendorf
3c,steglitz zehlendorf
3d,steglitz zehlendorf
3e,steglitz zehlendorf
3f,steglitz zehlendorf
3g,steglitz zehlendorf
3h,steglitz zehlendorf
3i,steglitz zehlendorf
4a,steglitz zehlendorf
4b,steglitz zehlendorf
4c,steglitz zehlendorf
4d,steglitz zehlendorf
4e,steglitz zehlendorf
4f,steglitz zehlendorf
4g,steglitz zehlendorf
4h,steglitz zehlendorf
5a,steglitz zehlendorf
5b,steglitz zehlendorf
5c,steglitz zehlendorf
5d,steglitz zehlendorf
5e,steglitz zehlendorf
5f,steglitz zehlendorf
5g,steglitz zehlendorf
5h,steglitz zehlendorf
5i,steglitz zehlendorf
6a,steglitz zehlendorf
6b,steglitz zehlendorf
6c,steglitz zehlendorf
6d,steglitz zehlendorf
6e,steglitz zehlendorf
6f,steglitz zehlendorf
6g,steglitz zehlendorf
6h,steglitz zehlendorf
6i,steglitz zehlendorf
7a,steglitz zehlendorf
7b,steglitz zehlendorf
7c,steglitz zehlendorf
7d,steglitz zehlendorf
7e,steglitz zehlendorf
7f,steglitz zehlendorf
7g,steglitz zehlendorf
7h,steglitz zehlendorf
7i,steglitz zehlendorf
101,steglitz zehlendorf
102,steglitz zehlendorf
103,steglitz zehlendorf
104,steglitz zehlendorf
105,steglitz zehlendorf
106,steglitz zehlendorf
107,steglitz zehlendorf
108,steglitz zehlendorf
109,steglitz zehlendorf
110,steglitz zehlendorf
111,steglitz zehlendorf
112,steglitz zehlendorf
113,steglitz zehlendorf
114,steglitz zehlendorf
115,steglitz zehlendorf
116,steglitz zehlendorf
117,steglitz zehlendorf
118,steglitz zehlendorf
201,steglitz zehlendorf
202,steglitz zehlendorf
203,steglitz zehlendorf
204,steglitz zehlendorf
205,steglitz zehlendorf
206,steglitz zehlendorf
207,steglitz zehlendorf
208,steglitz zehlendorf
209,steglitz zehlendorf
210,steglitz zehlendorf
211,steglitz zehlendorf
212,steglitz zehlendorf
213,steglitz zehlendorf
214,steglitz zehlendorf
215,steglitz zehlendorf
216,steglitz zehlendorf
217,steglitz zehlendorf
218,steglitz zehlendorf
301,steglitz zehlendorf
302,steglitz zehlendorf
303,steglitz zehlendorf
304,steglitz zehlendorf
305,steglitz zehlendorf
306,steglitz zehlendorf
307,steglitz zehlendorf
308,steglitz zehlendorf
309,steglitz zehlendorf
310,steglitz zehlendorf
311,steglitz zehlendorf
312,steglitz zehlendorf
313,steglitz zehlendorf
314,steglitz zehlendorf
315,steglitz zehlendorf
316,steglitz zehlendorf
317,steglitz zehlendorf
318,steglitz zehlendorf
401,steglitz zehlendorf
402,steglitz zehlendorf
403,steglitz zehlendorf
404,steglitz zehlendorf
405,steglitz zehlendorf
406,steglitz zehlendorf
407,steglitz zehlendorf
408,steglitz zehlendorf
409,steglitz zehlendorf
410,steglitz zehlendorf
411,steglitz zehlendorf
412,steglitz zehlendorf
413,steglitz zehlendorf
414,steglitz zehlendorf
415,steglitz zehlendorf
416,steglitz zehlendorf
417,steglitz zehlendorf
501,steglitz zehlendorf
502,steglitz zehlendorf
503,steglitz zehlendorf
504,steglitz zehlendorf
505,steglitz zehlendorf
506,steglitz zehlendorf
507,steglitz zehlendorf
508,steglitz zehlendorf
509,steglitz zehlendorf
510,steglitz zehlendorf
511,steglitz zehlendorf
512,steglitz zehlendorf
513,steglitz zehlendorf
514,steglitz zehlendorf
515,steglitz zehlendorf
516,steglitz zehlendorf
517,steglitz zehlendorf
518,steglitz zehlendorf
601,steglitz zehlendorf
602,steglitz zehlendorf
603,steglitz zehlendorf
604,steglitz zehlendorf
605,steglitz zehlendorf
606,steglitz zehlendorf
607,steglitz zehlendorf
608,steglitz zehlendorf
609,steglitz zehlendorf
610,steglitz zehlendorf
611,steglitz zehlendorf
612,steglitz zehlendorf
613,steglitz zehlendorf
614,steglitz zehlendorf
615,steglitz zehlendorf
616,steglitz zehlendorf
617,steglitz zehlendorf
618,steglitz zehlendorf
619,steglitz zehlendorf
701,steglitz zehlendorf
702,steglitz zehlendorf
703,steglitz zehlendorf
704,steglitz zehlendorf
705,steglitz zehlendorf
706,steglitz zehlendorf
707,steglitz zehlendorf
708,steglitz zehlendorf
709,steglitz zehlendorf
710,steglitz zehlendorf
711,steglitz zehlendorf
712,steglitz zehlendorf
713,steglitz zehlendorf
714,steglitz zehlendorf
715,steglitz zehlendorf
716,steglitz zehlendorf
717,steglitz zehlendorf
718,steglitz zehlendorf
719,steglitz zehlendorf
1a,tempelhof schneberg
1b,tempelhof schneberg
1c,tempelhof schneberg
1d,tempelhof schneberg
1e,tempelhof schneberg
1f,tempelhof schneberg
1g,tempelhof schneberg
1h,tempelhof schneberg
2a,tempelhof schneberg
2b,tempelhof schneberg
2c,tempelhof schneberg
2d,tempelhof schneberg
2e,tempelhof schneberg
2f,tempelhof schneberg
2g,tempelhof schneberg
2h,tempelhof schneberg
3a,tempelhof schneberg
3b,tempelhof schneberg
3c,tempelhof schneberg
3d,tempelhof schneberg
3e,tempelhof schneberg
3f,tempelhof schneberg
3g,tempelhof schneberg
3h,tempelhof schneberg
4a,tempelhof schneberg
4b,tempelhof schneberg
4c,tempelhof schneberg
4d,tempelhof schneberg
4e,tempelhof schneberg
4f,tempelhof schneberg
4g,tempelhof schneberg
4h,tempelhof schneberg
5a,tempelhof schneberg
5b,tempelhof schneberg
5c,tempelhof schneberg
5d,tempelhof schneberg
5e,tempelhof schneberg
5f,tempelhof schneberg
5g,tempelhof schneberg
5h,tempelhof schneberg
6a,tempelhof schneberg
6b,tempelhof schneberg
6c,tempelhof schneberg
6d,tempelhof schneberg
6e,tempelhof schneberg
6f,tempelhof schneberg
6g,tempelhof schneberg
6h,tempelhof schneberg
7a,tempelhof schneberg
7b,tempelhof schneberg
7c,tempelhof schneberg
7d,tempelhof schneberg
7e,tempelhof schneberg
7f,tempelhof schneberg
7g,tempelhof schneberg
7h,tempelhof schneberg
8a,tempelhof schneberg
8b,tempelhof schneberg
8c,tempelhof schneberg
8d,tempelhof schneberg
8e,tempelhof schneberg
8f,tempelhof schneberg
8g,tempelhof schneberg
8h,tempelhof schneberg
101,tempelhof schneberg
102,tempelhof schneberg
103,tempelhof schneberg
104,tempelhof schneberg
105,tempelhof schneberg
106,tempelhof schneberg
107,tempelhof schneberg
108,tempelhof schneberg
109,tempelhof schneberg
110,tempelhof schneberg
111,tempelhof schneberg
112,tempelhof schneberg
113,tempelhof schneberg
114,tempelhof schneberg
115,tempelhof schneberg
201,tempelhof schneberg
202,tempelhof schneberg
203,tempelhof schneberg
204,tempelhof schneberg
205,tempelhof schneberg
206,tempelhof schneberg
207,tempelhof schneberg
208,tempelhof schneberg
209,tempelhof schneberg
210,tempelhof schneberg
211,tempelhof schneberg
212,tempelhof schneberg
213,tempelhof schneberg
214,tempelhof schneberg
215,tempelhof schneberg
301,tempelhof schneberg
302,tempelhof schneberg
303,tempelhof schneberg
304,tempelhof schneberg
305,tempelhof schneberg
306,tempelhof schneberg
307,tempelhof schneberg
308,tempelhof schneberg
309,tempelhof schneberg
310,tempelhof schneberg
311,tempelhof schneberg
312,tempelhof schneberg
313,tempelhof schneberg
314,tempelhof schneberg
315,tempelhof schneberg
316,tempelhof schneberg
401,tempelhof schneberg
402,tempelhof schneberg
403,tempelhof schneberg
404,tempelhof schneberg
405,tempelhof schneberg
406,tempelhof schneberg
407,tempelhof schneberg
408,tempelhof schneberg
409,tempelhof schneberg
410,tempelhof schneberg
411,tempelhof schneberg
412,tempelhof schneberg
413,tempelhof schneberg
414,tempelhof schneberg
415,tempelhof schneberg
416,tempelhof schneberg
501,tempelhof schneberg
502,tempelhof schneberg
503,tempelhof schneberg
504,tempelhof schneberg
505,tempelhof schneberg
506,tempelhof schneberg
507,tempelhof schneberg
508,tempelhof schneberg
509,tempelhof schneberg
510,tempelhof schneberg
511,tempelhof schneberg
512,tempelhof schneberg
513,tempelhof schneberg
514,tempelhof schneberg
515,tempelhof schneberg
601,tempelhof schneberg
602,tempelhof schneberg
603,tempelhof schneberg
604,tempelhof schneberg
605,tempelhof schneberg
606,tempelhof schneberg
607,tempelhof schneberg
608,tempelhof schneberg
609,tempelhof schneberg
610,tempelhof schneberg
611,tempelhof schneberg
612,tempelhof schneberg
613,tempelhof schneberg
614,tempelhof schneberg
615,tempelhof schneberg
701,tempelhof schneberg
702,tempelhof schneberg
703,tempelhof schneberg
704,tempelhof schneberg
705,tempelhof schneberg
706,tempelhof schneberg
707,tempelhof schneberg
708,tempelhof schneberg
709,tempelhof schneberg
710,tempelhof schneberg
711,tempelhof schneberg
712,tempelhof schneberg
713,tempelhof schneberg
714,tempelhof schneberg
715,tempelhof schneberg
801,tempelhof schneberg
802,tempelhof schneberg
803,tempelhof schneberg
804,tempelhof schneberg
805,tempelhof schneberg
806,tempelhof schneberg
807,tempelhof schneberg
808,tempelhof schneberg
809,tempelhof schneberg
810,tempelhof schneberg
811,tempelhof schneberg
812,tempelhof schneberg
813,tempelhof schneberg
814,tempelhof schneberg
815,tempelhof schneberg
1a,neuklln
1b,neuklln
1c,neuklln
1d,neuklln
1e,neuklln
1f,neuklln
2a,neuklln
2b,neuklln
2c,neuklln
2d,neuklln
2e,neuklln
3a,neuklln
3b,neuklln
3c,neuklln
3d,neuklln
3e,neuklln
4a,neuklln
4b,neuklln
4c,neuklln
4d,neuklln
4e,neuklln
4f,neuklln
4g,neuklln
4h,neuklln
5a,neuklln
5b,neuklln
5c,neuklln
5d,neuklln
5e,neuklln
5f,neuklln
5g,neuklln
6a,neuklln
6b,neuklln
6c,neuklln
6d,neuklln
6e,neuklln
6f,neuklln
6g,neuklln
101,neuklln
102,neuklln
103,neuklln
104,neuklln
105,neuklln
106,neuklln
107,neuklln
108,neuklln
109,neuklln
110,neuklln
111,neuklln
112,neuklln
113,neuklln
114,neuklln
115,neuklln
116,neuklln
117,neuklln
118,neuklln
119,neuklln
120,neuklln
121,neuklln
122,neuklln
123,neuklln
124,neuklln
125,neuklln
126,neuklln
127,neuklln
201,neuklln
202,neuklln
203,neuklln
204,neuklln
205,neuklln
206,neuklln
207,neuklln
208,neuklln
209,neuklln
210,neuklln
211,neuklln
212,neuklln
213,neuklln
214,neuklln
215,neuklln
216,neuklln
217,neuklln
218,neuklln
219,neuklln
220,neuklln
221,neuklln
222,neuklln
223,neuklln
224,neuklln
225,neuklln
226,neuklln
227,neuklln
301,neuklln
302,neuklln
303,neuklln
304,neuklln
305,neuklln
306,neuklln
307,neuklln
308,neuklln
309,neuklln
310,neuklln
311,neuklln
312,neuklln
313,neuklln
314,neuklln
315,neuklln
316,neuklln
317,neuklln
318,neuklln
319,neuklln
320,neuklln
321,neuklln
322,neuklln
323,neuklln
401,neuklln
402,neuklln
403,neuklln
404,neuklln
405,neuklln
406,neuklln
407,neuklln
408,neuklln
409,neuklln
410,neuklln
411,neuklln
412,neuklln
413,neuklln
414,neuklln
415,neuklln
416,neuklln
417,neuklln
418,neuklln
419,neuklln
420,neuklln
421,neuklln
422,neuklln
423,neuklln
424,neuklln
501,neuklln
502,neuklln
503,neuklln
504,neuklln
505,neuklln
506,neuklln
507,neuklln
508,neuklln
509,neuklln
510,neuklln
511,neuklln
512,neuklln
513,neuklln
514,neuklln
515,neuklln
516,neuklln
517,neuklln
518,neuklln
519,neuklln
520,neuklln
521,neuklln
522,neuklln
523,neuklln
524,neuklln
525,neuklln
601,neuklln
602,neuklln
603,neuklln
604,neuklln
605,neuklln
606,neuklln
607,neuklln
608,neuklln
609,neuklln
610,neuklln
611,neuklln
612,neuklln
613,neuklln
614,neuklln
615,neuklln
616,neuklln
617,neuklln
618,neuklln
619,neuklln
620,neuklln
621,neuklln
622,neuklln
623,neuklln
624,neuklln
625,neuklln
626,neuklln
1a,treptow kpenick
1b,treptow kpenick
1c,treptow kpenick
1d,treptow kpenick
1e,treptow kpenick
2a,treptow kpenick
2b,treptow kpenick
2c,treptow kpenick
2d,treptow kpenick
2e,treptow kpenick
2f,treptow kpenick
3a,treptow kpenick
3b,treptow kpenick
3c,treptow kpenick
3d,treptow kpenick
3e,treptow kpenick
4a,treptow kpenick
4b,treptow kpenick
4c,treptow kpenick
4d,treptow kpenick
4e,treptow kpenick
5a,treptow kpenick
5b,treptow kpenick
5c,treptow kpenick
5d,treptow kpenick
5e,treptow kpenick
6a,treptow kpenick
6b,treptow kpenick
6c,treptow kpenick
6d,treptow kpenick
6e,treptow kpenick
101,treptow kpenick
102,treptow kpenick
103,treptow kpenick
104,treptow kpenick
105,treptow kpenick
106,treptow kpenick
107,treptow kpenick
108,treptow kpenick
109,treptow kpenick
110,treptow kpenick
111,treptow kpenick
112,treptow kpenick
113,treptow kpenick
114,treptow kpenick
115,treptow kpenick
116,treptow kpenick
117,treptow kpenick
118,treptow kpenick
119,treptow kpenick
201,treptow kpenick
202,treptow kpenick
203,treptow kpenick
204,treptow kpenick
205,treptow kpenick
206,treptow kpenick
207,treptow kpenick
208,treptow kpenick
209,treptow kpenick
210,treptow kpenick
211,treptow kpenick
212,treptow kpenick
213,treptow kpenick
214,treptow kpenick
215,treptow kpenick
216,treptow kpenick
217,treptow kpenick
218,treptow kpenick
219,treptow kpenick
220,treptow kpenick
221,treptow kpenick
301,treptow kpenick
302,treptow kpenick
303,treptow kpenick
304,treptow kpenick
305,treptow kpenick
306,treptow kpenick
307,treptow kpenick
308,treptow kpenick
309,treptow kpenick
310,treptow kpenick
311,treptow kpenick
312,treptow kpenick
313,treptow kpenick
314,treptow kpenick
315,treptow kpenick
316,treptow kpenick
317,treptow kpenick
318,treptow kpenick
319,treptow kpenick
320,treptow kpenick
401,treptow kpenick
402,treptow kpenick
403,treptow kpenick
404,treptow kpenick
405,treptow kpenick
406,treptow kpenick
407,treptow kpenick
408,treptow kpenick
409,treptow kpenick
410,treptow kpenick
411,treptow kpenick
412,treptow kpenick
413,treptow kpenick
414,treptow kpenick
415,treptow kpenick
416,treptow kpenick
417,treptow kpenick
418,treptow kpenick
419,treptow kpenick
420,treptow kpenick
421,treptow kpenick
422,treptow kpenick
501,treptow kpenick
502,treptow kpenick
503,treptow kpenick
504,treptow kpenick
505,treptow kpenick
506,treptow kpenick
507,treptow kpenick
508,treptow kpenick
509,treptow kpenick
510,treptow kpenick
511,treptow kpenick
512,treptow kpenick
513,treptow kpenick
514,treptow kpenick
515,treptow kpenick
516,treptow kpenick
517,treptow kpenick
518,treptow kpenick
601,treptow kpenick
602,treptow kpenick
603,treptow kpenick
604,treptow kpenick
605,treptow kpenick
606,treptow kpenick
607,treptow kpenick
608,treptow kpenick
609,treptow kpenick
610,treptow kpenick
611,treptow kpenick
612,treptow kpenick
613,treptow kpenick
614,treptow kpenick
615,treptow kpenick
616,treptow kpenick
617,treptow kpenick
618,treptow kpenick
619,treptow kpenick
1a,marzahn hellersdorf
1b,marzahn hellersdorf
1c,marzahn hellersdorf
1d,marzahn hellersdorf
2a,marzahn hellersdorf
2b,marzahn hellersdorf
2c,marzahn hellersdorf
2d,marzahn hellersdorf
2e,marzahn hellersdorf
2f,marzahn hellersdorf
3a,marzahn hellersdorf
3b,marzahn hellersdorf
3c,marzahn hellersdorf
3d,marzahn hellersdorf
4a,marzahn hellersdorf
4b,marzahn hellersdorf
4c,marzahn hellersdorf
4d,marzahn hellersdorf
4e,marzahn hellersdorf
4f,marzahn hellersdorf
4g,marzahn hellersdorf
5a,marzahn hellersdorf
5b,marzahn hellersdorf
5c,marzahn hellersdorf
5d,marzahn hellersdorf
5e,marzahn hellersdorf
5f,marzahn hellersdorf
5g,marzahn hellersdorf
6a,marzahn hellersdorf
6b,marzahn hellersdorf
6c,marzahn hellersdorf
6d,marzahn hellersdorf
6e,marzahn hellersdorf
101,marzahn hellersdorf
102,marzahn hellersdorf
103,marzahn hellersdorf
104,marzahn hellersdorf
105,marzahn hellersdorf
106,marzahn hellersdorf
107,marzahn hellersdorf
108,marzahn hellersdorf
109,marzahn hellersdorf
110,marzahn hellersdorf
111,marzahn hellersdorf
112,marzahn hellersdorf
113,marzahn hellersdorf
114,marzahn hellersdorf
115,marzahn hellersdorf
116,marzahn hellersdorf
117,marzahn hellersdorf
118,marzahn hellersdorf
119,marzahn hellersdorf
120,marzahn hellersdorf
201,marzahn hellersdorf
202,marzahn hellersdorf
203,marzahn hellersdorf
204,marzahn hellersdorf
205,marzahn hellersdorf
206,marzahn hellersdorf
207,marzahn hellersdorf
208,marzahn hellersdorf
209,marzahn hellersdorf
210,marzahn hellersdorf
211,marzahn hellersdorf
212,marzahn hellersdorf
213,marzahn hellersdorf
214,marzahn hellersdorf
215,marzahn hellersdorf
216,marzahn hellersdorf
217,marzahn hellersdorf
218,marzahn hellersdorf
219,marzahn hellersdorf
220,marzahn hellersdorf
301,marzahn hellersdorf
302,marzahn hellersdorf
303,marzahn hellersdorf
304,marzahn hellersdorf
305,marzahn hellersdorf
306,marzahn hellersdorf
307,marzahn hellersdorf
308,marzahn hellersdorf
309,marzahn hellersdorf
310,marzahn hellersdorf
311,marzahn hellersdorf
312,marzahn hellersdorf
313,marzahn hellersdorf
314,marzahn hellersdorf
315,marzahn hellersdorf
316,marzahn hellersdorf
317,marzahn hellersdorf
318,marzahn hellersdorf
319,marzahn hellersdorf
320,marzahn hellersdorf
401,marzahn hellersdorf
402,marzahn hellersdorf
403,marzahn hellersdorf
404,marzahn hellersdorf
405,marzahn hellersdorf
406,marzahn hellersdorf
407,marzahn hellersdorf
408,marzahn hellersdorf
409,marzahn hellersdorf
410,marzahn hellersdorf
411,marzahn hellersdorf
412,marzahn hellersdorf
413,marzahn hellersdorf
414,marzahn hellersdorf
415,marzahn hellersdorf
416,marzahn hellersdorf
417,marzahn hellersdorf
418,marzahn hellersdorf
419,marzahn hellersdorf
501,marzahn hellersdorf
502,marzahn hellersdorf
503,marzahn hellersdorf
504,marzahn hellersdorf
505,marzahn hellersdorf
506,marzahn hellersdorf
507,marzahn hellersdorf
508,marzahn hellersdorf
509,marzahn hellersdorf
510,marzahn hellersdorf
511,marzahn hellersdorf
512,marzahn hellersdorf
513,marzahn hellersdorf
514,marzahn hellersdorf
515,marzahn hellersdorf
516,marzahn hellersdorf
517,marzahn hellersdorf
601,marzahn hellersdorf
602,marzahn hellersdorf
603,marzahn hellersdorf
604,marzahn hellersdorf
605,marzahn hellersdorf
606,marzahn hellersdorf
607,marzahn hellersdorf
608,marzahn hellersdorf
609,marzahn hellersdorf
610,marzahn hellersdorf
611,marzahn hellersdorf
612,marzahn hellersdorf
613,marzahn hellersdorf
614,marzahn hellersdorf
615,marzahn hellersdorf
616,marzahn hellersdorf
617,marzahn hellersdorf
618,marzahn hellersdorf
1a,lichtenberg
1b,lichtenberg
1c,lichtenberg
1d,lichtenberg
1e,lichtenberg
2a,lichtenberg
2b,lichtenberg
2c,lichtenberg
2d,lichtenberg
2e,lichtenberg
3a,lichtenberg
3b,lichtenberg
3c,lichtenberg
3d,lichtenberg
3e,lichtenberg
4a,lichtenberg
4b,lichtenberg
4c,lichtenberg
4d,lichtenberg
4e,lichtenberg
4f,lichtenberg
5a,lichtenberg
5b,lichtenberg
5c,lichtenberg
5d,lichtenberg
5e,lichtenberg
6a,lichtenberg
6b,lichtenberg
6c,lichtenberg
6d,lichtenberg
6e,lichtenberg
101,lichtenberg
102,lichtenberg
103,lichtenberg
104,lichtenberg
105,lichtenberg
106,lichtenberg
107,lichtenberg
108,lichtenberg
109,lichtenberg
110,lichtenberg
111,lichtenberg
112,lichtenberg
113,lichtenberg
114,lichtenberg
115,lichtenberg
116,lichtenberg
117,lichtenberg
118,lichtenberg
119,lichtenberg
120,lichtenberg
201,lichtenberg
202,lichtenberg
203,lichtenberg
204,lichtenberg
205,lichtenberg
206,lichtenberg
207,lichtenberg
208,lichtenberg
209,lichtenberg
210,lichtenberg
211,lichtenberg
212,lichtenberg
213,lichtenberg
214,lichtenberg
215,lichtenberg
216,lichtenberg
217,lichtenberg
218,lichtenberg
219,lichtenberg
220,lichtenberg
221,lichtenberg
301,lichtenberg
302,lichtenberg
303,lichtenberg
304,lichtenberg
305,lichtenberg
306,lichtenberg
307,lichtenberg
308,lichtenberg
309,lichtenberg
310,lichtenberg
311,lichtenberg
312,lichtenberg
313,lichtenberg
314,lichtenberg
315,lichtenberg
316,lichtenberg
317,lichtenberg
318,lichtenberg
319,lichtenberg
320,lichtenberg
321,lichtenberg
401,lichtenberg
402,lichtenberg
403,lichtenberg
404,lichtenberg
405,lichtenberg
406,lichtenberg
407,lichtenberg
408,lichtenberg
409,lichtenberg
410,lichtenberg
411,lichtenberg
412,lichtenberg
413,lichtenberg
414,lichtenberg
415,lichtenberg
416,lichtenberg
417,lichtenberg
418,lichtenberg
419,lichtenberg
420,lichtenberg
421,lichtenberg
422,lichtenberg
501,lichtenberg
502,lichtenberg
503,lichtenberg
504,lichtenberg
505,lichtenberg
506,lichtenberg
507,lichtenberg
508,lichtenberg
509,lichtenberg
510,lichtenberg
511,lichtenberg
512,lichtenberg
513,lichtenberg
514,lichtenberg
515,lichtenberg
516,lichtenberg
517,lichtenberg
518,lichtenberg
519,lichtenberg
601,lichtenberg
602,lichtenberg
603,lichtenberg
604,lichtenberg
605,lichtenberg
606,lichtenberg
607,lichtenberg
608,lichtenberg
609,lichtenberg
610,lichtenberg
611,lichtenberg
612,lichtenberg
613,lichtenberg
614,lichtenberg
615,lichtenberg
616,lichtenberg
617,lichtenberg
618,lichtenberg
619,lichtenberg
620,lichtenberg
621,lichtenberg
622,lichtenberg
1a,reinickendorf
1b,reinickendorf
1c,reinickendorf
1d,reinickendorf
1e,reinickendorf
1f,reinickendorf
2a,reinickendorf
2b,reinickendorf
2c,reinickendorf
2d,reinickendorf
2e,reinickendorf
2f,reinickendorf
2g,reinickendorf
2h,reinickendorf
3a,reinickendorf
3b,reinickendorf
3c,reinickendorf
3d,reinickendorf
3e,reinickendorf
3f,reinickendorf
3g,reinickendorf
3h,reinickendorf
3i,reinickendorf
4a,reinickendorf
4b,reinickendorf
4c,reinickendorf
4d,reinickendorf
4e,reinickendorf
4f,reinickendorf
4g,reinickendorf
4h,reinickendorf
4i,reinickendorf
5a,reinickendorf
5b,reinickendorf
5c,reinickendorf
5d,reinickendorf
5e,reinickendorf
6a,reinickendorf
6b,reinickendorf
6c,reinickendorf
6d,reinickendorf
6e,reinickendorf
6f,reinickendorf
6g,reinickendorf
6h,reinickendorf
6i,reinickendorf
6j,reinickendorf
101,reinickendorf
102,reinickendorf
103,reinickendorf
104,reinickendorf
105,reinickendorf
106,reinickendorf
107,reinickendorf
108,reinickendorf
109,reinickendorf
110,reinickendorf
111,reinickendorf
112,reinickendorf
113,reinickendorf
114,reinickendorf
115,reinickendorf
116,reinickendorf
117,reinickendorf
118,reinickendorf
119,reinickendorf
120,reinickendorf
121,reinickendorf
122,reinickendorf
123,reinickendorf
124,reinickendorf
125,reinickendorf
126,reinickendorf
201,reinickendorf
202,reinickendorf
203,reinickendorf
204,reinickendorf
205,reinickendorf
206,reinickendorf
207,reinickendorf
208,reinickendorf
209,reinickendorf
210,reinickendorf
211,reinickendorf
212,reinickendorf
213,reinickendorf
214,reinickendorf
215,reinickendorf
216,reinickendorf
217,reinickendorf
218,reinickendorf
219,reinickendorf
220,reinickendorf
221,reinickendorf
222,reinickendorf
223,reinickendorf
224,reinickendorf
225,reinickendorf
301,reinickendorf
302,reinickendorf
303,reinickendorf
304,reinickendorf
305,reinickendorf
306,reinickendorf
307,reinickendorf
308,reinickendorf
309,reinickendorf
310,reinickendorf
311,reinickendorf
312,reinickendorf
313,reinickendorf
314,reinickendorf
315,reinickendorf
316,reinickendorf
317,reinickendorf
318,reinickendorf
319,reinickendorf
320,reinickendorf
321,reinickendorf
322,reinickendorf
323,reinickendorf
324,reinickendorf
401,reinickendorf
402,reinickendorf
403,reinickendorf
404,reinickendorf
405,reinickendorf
406,reinickendorf
407,reinickendorf
408,reinickendorf
409,reinickendorf
410,reinickendorf
411,reinickendorf
412,reinickendorf
413,reinickendorf
414,reinickendorf
415,reinickendorf
416,reinickendorf
417,reinickendorf
418,reinickendorf
419,reinickendorf
420,reinickendorf
421,reinickendorf
422,reinickendorf
423,reinickendorf
424,reinickendorf
425,reinickendorf
426,reinickendorf
501,reinickendorf
502,reinickendorf
503,reinickendorf
504,reinickendorf
505,reinickendorf
506,reinickendorf
507,reinickendorf
508,reinickendorf
509,reinickendorf
510,reinickendorf
511,reinickendorf
512,reinickendorf
513,reinickendorf
514,reinickendorf
515,reinickendorf
516,reinickendorf
517,reinickendorf
518,reinickendorf
519,reinickendorf
520,reinickendorf
521,reinickendorf
522,reinickendorf
523,reinickendorf
524,reinickendorf
525,reinickendorf
526,reinickendorf
601,reinickendorf
602,reinickendorf
603,reinickendorf
604,reinickendorf
605,reinickendorf
606,reinickendorf
607,reinickendorf
608,reinickendorf
609,reinickendorf
610,reinickendorf
611,reinickendorf
612,reinickendorf
613,reinickendorf
614,reinickendorf
615,reinickendorf
616,reinickendorf
617,reinickendorf
618,reinickendorf
619,reinickendorf
620,reinickendorf
621,reinickendorf
622,reinickendorf
623,reinickendorf
624,reinickendorf
625,reinickendorf
