7,10
gesamtnahrung,deutschland
gesamtnahrung,deutschland
gesamtnahrung,deutschland
gesamtnahrung,deutschland
gesamtnahrung,deutschland
gesamtnahrung,deutschland
gesamtnahrung,deutschland
gesamtnahrung,deutschland
gesamtnahrung,deutschland
gesamtnahrung,deutschland
gesamtnahrung,deutschland
gesamtnahrung,deutschland
gesamtnahrung,deutschland
gesamtnahrung,deutschland
gesamtnahrung,deutschland
gesamtnahrung,deutschland
gesamtnahrung,deutschland
gesamtnahrung,deutschland
gesamtnahrung,deutschland
gesamtnahrung,deutschland
gesamtnahrung,deutschland
gesamtnahrung,deutschland
gesamtnahrung,deutschland
gesamtnahrung,deutschland
gesamtnahrung,deutschland
gesamtnahrung,deutschland
gesamtnahrung,deutschland
gesamtnahrung,deutschland
gesamtnahrung,deutschland
gesamtnahrung,deutschland
gesamtnahrung,deutschland
gesamtnahrung,deutschland
gesamtnahrung,deutschland
gesamtnahrung,deutschland
gesamtnahrung,deutschland
gesamtnahrung,deutschland
gesamtnahrung,deutschland
gesamtnahrung,deutschland
gesamtnahrung,deutschland
gesamtnahrung,deutschland
