County,Votes
Los Angeles,2652072.0
Cook,2055215.0
Harris,1302887.0
Maricopa,1201934.0
Orange,1092116.0
San Diego,1011651.0
Miami-Dade,978670.0
King,910823.0
Broward,822837.0
Wayne,775450.0
Middlesex,767337.0
Clark,765421.0
Dallas,750649.0
Kings,746295.0
Riverside,683612.0
Philadelphia,680227.0
Hennepin,672644.0
Oakland,663255.0
Tarrant,662832.0
Santa Clara,659148.0
Palm Beach,657235.0
Allegheny,643173.0
Queens,627021.0
Suffolk,625720.0
Alameda,613195.0
Nassau,599649.0
San Bernardino,598783.0
Hillsborough,595072.0
New York,591368.0
Bexar,586038.0
Cuyahoga,583230.0
Franklin,554711.0
Orange,545800.0
Fairfax,542858.0
Wake,510940.0
St. Louis,503493.0
Pinellas,491520.0
Sacramento,467526.0
Travis,462511.0
Mecklenburg,461834.0
Milwaukee,434970.0
Duval,428734.0
Montgomery,427489.0
Macomb,418773.0
Contra Costa,415972.0
DuPage,412929.0
Fairfield,410279.0
Montgomery,408300.0
Fulton,407173.0
Hartford,399219.0
Hamilton,395000.0
Bergen,383965.0
Erie,383248.0
Worcester,380972.0
Westchester,378506.0
Essex,376140.0
New Haven,375909.0
San Francisco,365295.0
Salt Lake,361347.0
Marion,361070.0
Pima,360762.0
Bronx,358857.0
Norfolk,357781.0
Multnomah,357762.0
Collin,356545.0
Jefferson,352934.0
Prince George's,351091.0
Bucks,342572.0
Baltimore,335017.0
Shelby,331861.0
Cobb,326424.0
Lee,325797.0
Gwinnett,323931.0
Pierce,322592.0
Monroe,320164.0
Brevard,314337.0
El Paso,313273.0
Monmouth,311474.0
Jefferson,309529.0
Snohomish,309496.0
Ventura,307881.0
Kent,306270.0
Dane,304729.0
Suffolk,303517.0
Essex,299808.0
DeKalb,295871.0
Jackson,294063.0
Lake,293574.0
Denton,293287.0
Will,291010.0
Jefferson,290111.0
San Mateo,287499.0
Honolulu,285683.0
Delaware,284832.0
Polk,283828.0
Middlesex,282668.0
Arapahoe,281658.0
"District of Columbia, District of Columbia",280272.0
Johnson,279753.0
Oklahoma,273609.0
Bernalillo,272004.0
Ramsey,269161.0
Chester,266637.0
Plymouth,264168.0
New Castle,261468.0
Fort Bend,260367.0
Volusia,260304.0
Ocean,259592.0
Guilford,252087.0
Fresno,250264.0
Summit,249937.0
Montgomery,249560.0
Morris,248848.0
Tulsa,246557.0
Davidson,246199.0
Bristol,246068.0
Anne Arundel,242939.0
Providence,242179.0
Pasco,240814.0
Lancaster,239151.0
Waukesha,233273.0
Denver,232291.0
Washington,232034.0
Dakota,228659.0
Sarasota,228509.0
Polk,228420.0
Seminole,224377.0
Camden,220437.0
Douglas,219531.0
Union,219385.0
Kern,217725.0
Greenville,211572.0
Hillsborough,210844.0
El Paso,210458.0
Washoe,209282.0
"Baltimore city, Maryland",208980.0
Spokane,208081.0
York,203153.0
Montgomery,203083.0
Hudson,201425.0
Williamson,200524.0
Lake,200247.0
Hampden,200220.0
St. Charles,199513.0
"East Baton Rouge Parish, Louisiana",196332.0
Genesee,196135.0
Clark,195784.0
Ada,195587.0
Burlington,194988.0
Larimer,193897.0
Kane,193500.0
Onondaga,191962.0
Lucas,191684.0
Passaic,189099.0
Washtenaw,187201.0
Anoka,184084.0
Douglas,182918.0
Clackamas,182136.0
Westmoreland,181740.0
"Jefferson Parish, Louisiana",181388.0
Lane,181072.0
Sedgwick,180750.0
Loudoun,180265.0
Knox,179266.0
Rockingham,179138.0
Manatee,178521.0
Boulder,176735.0
Berks,175934.0
Charleston,175850.0
Chesterfield,175288.0
Adams,175125.0
Utah,174942.0
Marion,174485.0
Hidalgo,172990.0
Forsyth,172509.0
"Virginia Beach city, Virginia",171876.0
Cumberland,171249.0
Stark,170868.0
Collier,170505.0
Lake,169898.0
Richland,169400.0
Butler,168422.0
Richmond,167209.0
San Joaquin,166647.0
"Orleans Parish, Louisiana",165619.0
Santa Barbara,164224.0
Sonoma,164060.0
Mobile,163387.0
Henrico,161966.0
Pulaski,159486.0
Madison,159473.0
Stanislaus,156141.0
Solano,156067.0
Somerset,154249.0
Hamilton,153630.0
Lehigh,153031.0
Leon,151925.0
Escambia,151609.0
Durham,150543.0
Placer,150532.0
Howard,146401.0
Allen,145787.0
Ottawa,145405.0
Prince William,144854.0
Washington,142843.0
Northampton,142775.0
Mercer,141332.0
Hamilton,141088.0
Orange,140753.0
St. Lucie,140731.0
McHenry,140145.0
Osceola,139981.0
Gloucester,138388.0
Lorain,136654.0
St. Johns,136392.0
Fayette,136239.0
Buncombe,134507.0
Weld,133790.0
Ingham,133478.0
Luzerne,132731.0
Barnstable,132667.0
Dauphin,130160.0
Lancaster,129803.0
Madison,127902.0
Alachua,127827.0
Greene,127609.0
Brown,127497.0
"St. Louis city, Missouri",127403.0
Kalamazoo,125966.0
Albany,125644.0
San Luis Obispo,124575.0
New London,124527.0
Horry,124503.0
Cumberland,124402.0
"St. Tammany Parish, Louisiana",124389.0
Harford,124224.0
Galveston,123994.0
Rockland,123943.0
Thurston,122301.0
Lexington,121829.0
Spartanburg,120793.0
Brazoria,120296.0
Dutchess,120199.0
Arlington,119344.0
St. Clair,119201.0
Kitsap,118625.0
Erie,117240.0
Cumberland,115068.0
Frederick,114962.0
Linn,114664.0
Warren,114254.0
York,113962.0
Santa Cruz,113509.0
York,113425.0
Winnebago,113027.0
Mahoning,112827.0
Lake,112790.0
"Chesapeake city, Virginia",111827.0
St. Louis,111260.0
Cherokee,110825.0
Marion,110804.0
Marin,109941.0
St. Joseph,109452.0
Cleveland,109326.0
Clay,109237.0
New Hanover,108737.0
Whatcom,108223.0
Rutherford,106518.0
Clay,106363.0
Chatham,106013.0
Jefferson,105969.0
Sussex,105814.0
Atlantic,105738.0
"Caddo Parish, Louisiana",105737.0
"Lafayette Parish, Louisiana",105599.0
Livingston,105577.0
Williamson,104700.0
Davis,104661.0
Saratoga,104089.0
Nueces,103958.0
Jackson,103789.0
Union,103596.0
Lackawanna,102740.0
Okaloosa,100657.0
Delaware,100101.0
Shelby,99208.0
Lubbock,98060.0
Henry,98037.0
Litchfield,97434.0
Forsyth,97314.0
Washington,96945.0
Monterey,96676.0
Benton,96556.0
Sangamon,96472.0
Clermont,96455.0
Charlotte,96323.0
Gaston,94872.0
"Richmond city, Virginia",94724.0
Montgomery,94572.0
Tulare,94571.0
Saginaw,94198.0
Baldwin,94090.0
Trumbull,94073.0
Bell,93999.0
Hernando,93878.0
Pinal,93805.0
Racine,93678.0
Outagamie,93474.0
Yavapai,92780.0
Butler,92027.0
Cameron,91804.0
Hinds,91536.0
Cabarrus,91002.0
Deschutes,90584.0
Medina,89360.0
Clayton,89236.0
El Dorado,89228.0
Champaign,89196.0
Middlesex,88402.0
Butte,87847.0
Santa Rosa,87432.0
Jefferson,87363.0
Bay,87151.0
Niagara,86000.0
Winnebago,85892.0
Martin,85741.0
Carroll,84879.0
Scott,84878.0
Johnston,84553.0
Oneida,83876.0
"Calcasieu Parish, Louisiana",83773.0
Boone,83312.0
Smith,83161.0
Hampshire,82329.0
Merrimack,82041.0
Tuscaloosa,81708.0
Weber,81451.0
Iredell,80727.0
Anderson,80296.0
Penobscot,80228.0
Indian River,79897.0
Orange,79830.0
Kent,79822.0
Greene,79633.0
Citrus,79590.0
Washington,79543.0
Licking,79399.0
Olmsted,79277.0
Beaver,79036.0
McLean,78995.0
Stearns,78985.0
Berkeley,78919.0
Cass,78807.0
Pitt,78264.0
Minnehaha,78263.0
McLennan,78255.0
St. Clair,77994.0
Sarpy,77781.0
Broome,77657.0
Peoria,77465.0
Chittenden,77263.0
Ulster,77134.0
Muskegon,77114.0
Tolland,77069.0
Benton,76907.0
Sumter,76649.0
Porter,76492.0
Washington,76246.0
Kenosha,75825.0
Johnson,75637.0
Centre,75394.0
Hendricks,75258.0
"Norfolk city, Virginia",75172.0
Rock,75043.0
Kanawha,74996.0
Richmond,74952.0
Mesa,74876.0
Aiken,74773.0
Scott,74390.0
"Alexandria city, Virginia",74384.0
Kent,74253.0
Mohave,74189.0
Monroe,74101.0
Portage,73968.0
Sussex,73860.0
Shawnee,73648.0
Beaufort,72770.0
Shasta,72554.0
Charles,72480.0
Yakima,72306.0
Davidson,72013.0
Canyon,72007.0
Vanderburgh,71957.0
Kenton,71947.0
Berrien,71882.0
Hays,71524.0
Sumner,71080.0
Catawba,71065.0
Hunterdon,70582.0
Fairfield,70542.0
Santa Fe,70376.0
Hall,70133.0
Doqa Ana,69875.0
Jackson,69567.0
Franklin,69345.0
Alamance,69264.0
Wright,69154.0
Marathon,68849.0
"Newport News city, Virginia",68432.0
Muscogee,68320.0
"Ouachita Parish, Louisiana",67987.0
Strafford,67984.0
Brunswick,67255.0
Kootenai,66286.0
Johnson,66229.0
Brazos,66036.0
Kennebec,65999.0
Rensselaer,65991.0
Monroe,65944.0
Stafford,65350.0
Elkhart,65187.0
Yellowstone,64903.0
Hawaii,64865.0
Paulding,64601.0
Berkshire,64507.0
Washington,64248.0
Columbia,64190.0
DeSoto,64022.0
Randolph,63615.0
Tazewell,63347.0
Black Hawk,63221.0
Rowan,63078.0
Ellis,63064.0
Rock Island,62971.0
La Crosse,62785.0
Schuylkill,62750.0
Dorchester,62463.0
Hanover,62313.0
Wood,62287.0
Spotsylvania,62083.0
Harrison,62076.0
Tippecanoe,61916.0
Schenectady,61629.0
Comal,61567.0
"Hampton city, Virginia",61489.0
Rankin,61356.0
Coweta,61315.0
Sandoval,61146.0
Washington,60731.0
Fayette,60387.0
Cambria,60167.0
Pueblo,60112.0
Sullivan,59860.0
Clark,59620.0
Houston,59559.0
Lebanon,58906.0
Calhoun,58786.0
Bibb,58327.0
Sheboygan,58290.0
Florence,57770.0
"Livingston Parish, Louisiana",57700.0
Lee,57668.0
Monroe,57623.0
Boone,57570.0
Washington,57494.0
Missoula,57433.0
Flagler,57413.0
Douglas,57365.0
Montgomery,57278.0
Johnson,57270.0
Guadalupe,57220.0
Webb,56867.0
"Rapides Parish, Louisiana",56838.0
Henderson,56810.0
Parker,56413.0
Wilson,56286.0
Albemarle,56134.0
Eaton,55686.0
Onslow,55364.0
Androscoggin,55340.0
Canadian,55250.0
Allegan,55153.0
Carver,55102.0
Skagit,54831.0
Linn,54724.0
"Ascension Parish, Louisiana",54663.0
Eau Claire,54080.0
Randall,53813.0
Richland,53739.0
Madison,53660.0
Fayette,53426.0
Ozaukee,53368.0
Cumberland,53018.0
Bay,52932.0
Saline,52578.0
"Tangipahoa Parish, Louisiana",52381.0
Gallatin,52335.0
Blair,52029.0
Maui,51942.0
Blount,51849.0
Miami,51467.0
Grand Traverse,51460.0
Douglas,51350.0
Clark,51104.0
Fond du Lac,51094.0
Kendall,50815.0
Cass,50715.0
Windham,50703.0
Yolo,50623.0
Walworth,50570.0
Lycoming,50294.0
Roanoke,50149.0
Grafton,50115.0
Franklin,50045.0
Morgan,49991.0
Wayne,49824.0
"Bossier Parish, Louisiana",49818.0
Mercer,49594.0
Washington,49411.0
Chautauqua,49381.0
Dubuque,49037.0
Story,48910.0
Pickens,48871.0
Midland,48753.0
Geauga,48736.0
Wayne,48550.0
LaSalle,48447.0
Warren,48442.0
Warren,48436.0
Cape May,48375.0
Douglas,48231.0
Jasper,48179.0
Sherburne,47938.0
Moore,47746.0
Pennington,47741.0
Ontario,47664.0
Wyandotte,47467.0
Calhoun,47376.0
Macon,47283.0
Faulkner,47196.0
Adams,47138.0
Grayson,47068.0
Nash,46903.0
Burleigh,46874.0
St. Croix,46819.0
Platte,46641.0
Kankakee,46556.0
Nassau,46537.0
Flathead,46250.0
Craven,46231.0
San Juan,45975.0
Lenawee,45895.0
Daviess,45781.0
Highlands,45589.0
Benton,45577.0
Cowlitz,45485.0
Jackson,45465.0
Taylor,45266.0
Columbiana,45261.0
St. Mary's,45169.0
Lapeer,45126.0
Yamhill,45116.0
Madison,45048.0
LaPorte,44994.0
Harnett,44955.0
Coconino,44929.0
Delaware,44699.0
Allen,44636.0
Clarke,44221.0
Bonneville,44212.0
Putnam,44186.0
Cleveland,44137.0
Oswego,44122.0
Sebastian,44119.0
Sumter,44048.0
"Terrebonne Parish, Louisiana",43893.0
Newton,43787.0
Carroll,43744.0
Etowah,43474.0
Calvert,43445.0
Cochise,43147.0
Hardin,43141.0
"Portsmouth city, Virginia",43000.0
Woodbury,42933.0
Dodge,42818.0
Berkeley,42770.0
James City,42737.0
Montgomery,42695.0
Josephine,42613.0
DeKalb,42605.0
Merced,42523.0
Campbell,42489.0
Monroe,42434.0
Island,42425.0
Midland,42379.0
Jefferson,42324.0
Cecil,42309.0
Pottawattamie,42226.0
Bedford,42186.0
Houston,42030.0
"Suffolk city, Virginia",41929.0
Imperial,41751.0
"Roanoke city, Virginia",41728.0
"Lafourche Parish, Louisiana",41644.0
Christian,41394.0
Rockingham,41374.0
Gregg,41365.0
Cheshire,41120.0
Kaufman,40979.0
Rogers,40834.0
Yuma,40759.0
Garland,40734.0
Clinton,40564.0
Lawrence,40555.0
Walton,40425.0
Napa,40393.0
Frederick,40133.0
Tuscarawas,40088.0
Manitowoc,39991.0
"St. Landry Parish, Louisiana",39970.0
Laramie,39945.0
Newport,39813.0
Ashtabula,39809.0
Vigo,39569.0
Rockwall,39529.0
Robeson,39454.0
Lincoln,39449.0
Limestone,39400.0
Bartow,39263.0
Chatham,39080.0
Orangeburg,38824.0
Lauderdale,38813.0
Wicomico,38722.0
Lancaster,38717.0
Bradley,38392.0
Steuben,38373.0
Portage,38123.0
Tom Green,38104.0
Franklin,37987.0
St. Clair,37937.0
Wichita,37913.0
Madison,37764.0
Tompkins,37747.0
Indiana,37728.0
Wood,37712.0
Burke,37638.0
Dallas,37617.0
Wilson,37593.0
Rockdale,37589.0
Broomfield,37342.0
Madison,37336.0
Cullman,37278.0
Cole,37261.0
Floyd,37225.0
Fauquier,37124.0
Polk,37030.0
Carteret,36919.0
Elmore,36905.0
Cape Girardeau,36875.0
Lowndes,36813.0
Howard,36754.0
Erie,36730.0
Augusta,36661.0
Wayne,36598.0
Rockingham,36536.0
Ector,36373.0
Muskingum,36217.0
Sevier,36180.0
Bullitt,36054.0
Hancock,36027.0
Cache,35879.0
Caldwell,35747.0
Monongalia,35733.0
Somerset,35730.0
Crow Wing,35568.0
Buchanan,35563.0
Crawford,35563.0
Navajo,35409.0
Craighead,35404.0
"Lynchburg city, Virginia",35349.0
Wood,35256.0
Hancock,35216.0
St. Lawrence,35154.0
Maury,35068.0
Northumberland,34971.0
Marshall,34965.0
Aroostook,34963.0
Belknap,34497.0
Bowie,34470.0
Polk,34444.0
Madera,34263.0
Jefferson,34263.0
Floyd,34250.0
York,34062.0
Shiawassee,34044.0
Glynn,34041.0
Dougherty,33925.0
Cascade,33923.0
Lewis and Clark,33800.0
Humboldt,33636.0
Walton,33559.0
Oconee,33530.0
Bannock,33405.0
Nevada,33258.0
Blue Earth,33256.0
Talladega,33218.0
Van Buren,33213.0
Chemung,33195.0
Clallam,32985.0
Marquette,32897.0
Oldham,32853.0
Cabell,32701.0
Clearfield,32692.0
Putnam,32652.0
Comanche,32504.0
Natrona,32493.0
"Iberia Parish, Louisiana",32454.0
Bartholomew,32389.0
Otter Tail,32284.0
Kings,32250.0
Rice,32217.0
Boone,32061.0
Hancock,31983.0
Lee,31974.0
Kosciusko,31907.0
Twin Falls,31893.0
Adams,31770.0
Orange,31761.0
Pittsylvania,31687.0
Surry,31663.0
Georgetown,31519.0
Chippewa,31471.0
Williamson,31422.0
Livingston,31363.0
Jefferson,31346.0
McCracken,31294.0
Wagoner,31246.0
Sauk,31238.0
Hunt,31185.0
Morgan,31180.0
Oxford,31094.0
Victoria,31032.0
Wilkes,30844.0
La Plata,30722.0
Belmont,30537.0
Armstrong,30446.0
Sutter,30429.0
Whitfield,30362.0
Barry,30265.0
Coos,30181.0
Haywood,30156.0
Cayuga,30124.0
Chisago,30009.0
Franklin,29902.0
Angelina,29870.0
Henderson,29855.0
Vermilion,29799.0
Rutherford,29764.0
Anderson,29723.0
Grand Forks,29711.0
Leavenworth,29676.0
Darlington,29636.0
Scioto,29618.0
Warrick,29609.0
Stanly,29451.0
Raleigh,29311.0
Columbia,29287.0
Walker,29243.0
Klamath,29240.0
Salem,29220.0
Clay,29108.0
Carroll,29083.0
Washington,28992.0
Lauderdale,28967.0
Cattaraugus,28961.0
Ross,28955.0
Kershaw,28875.0
Barrow,28828.0
Creek,28786.0
Watauga,28769.0
Carbon,28721.0
Columbia,28696.0
Washington,28654.0
Greenwood,28600.0
Clinton,28378.0
Potter,28330.0
Grant,28260.0
Jones,28250.0
Bastrop,28250.0
Pulaski,28034.0
White,27945.0
Athens,27941.0
Douglas,27871.0
Harrison,27868.0
Windsor,27832.0
Allegany,27804.0
Knox,27768.0
Mason,27767.0
Payne,27749.0
Rutland,27660.0
Warren,27568.0
Valencia,27509.0
Sandusky,27491.0
Chelan,27415.0
Madison,27392.0
"Acadia Parish, Louisiana",27386.0
Forrest,27284.0
Columbia,27255.0
Campbell,27218.0
Columbia,27127.0
Pender,27072.0
Jackson,27057.0
Butler,27051.0
Robertson,27042.0
Lonoke,27007.0
Putnam,26958.0
Granville,26920.0
Warren,26916.0
Ward,26861.0
Franklin,26805.0
Grays Harbor,26736.0
Montcalm,26556.0
Union,26533.0
Catoosa,26510.0
Sullivan,26509.0
Newton,26506.0
Laurens,26474.0
Calumet,26429.0
Harrison,26364.0
Ionia,26364.0
Kauai,26335.0
Garfield,26328.0
Cumberland,26298.0
"St. Charles Parish, Louisiana",26190.0
Tuscola,26157.0
Hood,26120.0
Umatilla,26116.0
DeKalb,26086.0
Pike,26066.0
Somerset,25968.0
Lawrence,25949.0
Spalding,25940.0
Winona,25852.0
Jefferson,25821.0
Troup,25793.0
"St. Martin Parish, Louisiana",25749.0
Washington,25715.0
Marion,25648.0
Sampson,25638.0
Wayne,25575.0
Worcester,25571.0
Goodhue,25538.0
Lenoir,25500.0
Waupaca,25491.0
Pottawatomie,25417.0
Bradford,25399.0
Blount,25384.0
Isabella,25344.0
"Vermilion Parish, Louisiana",25253.0
Grant,25239.0
Lincoln,25231.0
Whiteside,25210.0
Lowndes,25139.0
Columbia,25077.0
"Carson City, Nevada",25016.0
Darke,25000.0
Lewis,24995.0
Halifax,24881.0
Lincoln,24857.0
Laurel,24824.0
Bristol,24725.0
St. Francois,24714.0
Lee,24676.0
Wise,24661.0
Autauga,24661.0
Edgecombe,24653.0
Pike,24650.0
Queen Anne's,24633.0
Colbert,24626.0
Jackson,24509.0
Genesee,24463.0
Putnam,24443.0
Huron,24332.0
Herkimer,24261.0
Henry,24232.0
Muskogee,24193.0
Lamar,24179.0
Scott,24178.0
Liberty,24155.0
Bulloch,24151.0
Ashland,24074.0
Grant,24051.0
Lincoln,24035.0
Henry,24029.0
Jefferson,24007.0
Walker,23939.0
Dearborn,23910.0
Franklin,23860.0
Pickaway,23814.0
Ogle,23798.0
St. Joseph,23765.0
Lyon,23762.0
Itasca,23650.0
Beaufort,23599.0
Bedford,23504.0
Greene,23491.0
Seneca,23481.0
Tuolumne,23472.0
Columbus,23472.0
Reno,23448.0
Taney,23399.0
Effingham,23395.0
Tipton,23372.0
Jessamine,23306.0
Loudon,23304.0
Cass,23272.0
Shelby,23110.0
Kerr,23090.0
Otsego,23024.0
Knox,23021.0
Mercer,22919.0
Marion,22910.0
Grundy,22891.0
Tehama,22875.0
"St. Mary Parish, Louisiana",22871.0
Auglaize,22860.0
Hardin,22768.0
Clinton,22748.0
Polk,22691.0
Cerro Gordo,22633.0
Waldo,22630.0
Eagle,22611.0
Newaygo,22605.0
Boone,22604.0
Barron,22514.0
Nacogdoches,22430.0
Crawford,22403.0
Washington,22401.0
Wayne,22365.0
Calaveras,22334.0
Grady,22257.0
"Charlottesville city, Virginia",22211.0
Washington,22208.0
Douglas,22185.0
Camden,22182.0
Stokes,22182.0
Sullivan,22129.0
Ravalli,22122.0
Venango,22096.0
Culpeper,22087.0
Christian,22083.0
Gadsden,22079.0
Dunn,22029.0
Knox,21964.0
Macoupin,21881.0
Fremont,21880.0
Pope,21770.0
Cherokee,21754.0
Ottawa,21742.0
Garfield,21692.0
Van Zandt,21689.0
Kandiyohi,21648.0
Douglas,21623.0
Sagadahoc,21596.0
Coles,21580.0
Roane,21580.0
San Patricio,21513.0
Lincoln,21432.0
Gila,21398.0
Davie,21350.0
Hall,21331.0
Beltrami,21316.0
Mercer,21315.0
Saline,21206.0
Perry,21153.0
Windham,21151.0
Pierce,21089.0
Johnson,21087.0
Montrose,21070.0
Yuba,21058.0
Logan,21007.0
Jackson,20997.0
Carter,20993.0
McKinley,20959.0
Isanti,20875.0
Oneida,20837.0
Jackson,20785.0
Nelson,20772.0
"St. John the Baptist Parish, Louisiana",20740.0
Hawkins,20694.0
Fulton,20693.0
Duplin,20601.0
Franklin,20584.0
Hamblen,20579.0
Shelby,20573.0
Tioga,20556.0
Coffee,20513.0
Isle of Wight,20481.0
Buffalo,20477.0
Riley,20475.0
Preble,20475.0
Boyd,20454.0
Hopkins,20341.0
Shenandoah,20335.0
Chaves,20261.0
Summit,20133.0
Jefferson,20100.0
Henry,20075.0
Marinette,19979.0
Kendall,19936.0
Oconto,19924.0
Dubois,19917.0
Benton,19911.0
Coffee,19895.0
Hillsdale,19880.0
Siskiyou,19836.0
Otero,19791.0
Vance,19762.0
Baxter,19730.0
Walla Walla,19718.0
Henderson,19705.0
Shawano,19697.0
Walker,19683.0
Lafayette,19642.0
Eddy,19602.0
Nye,19592.0
Fulton,19563.0
McDowell,19557.0
Monroe,19554.0
Stephenson,19525.0
Gloucester,19524.0
Huntingdon,19496.0
Gibson,19484.0
Laurens,19448.0
Woodford,19389.0
Franklin,19373.0
Levy,19367.0
Fayette,19306.0
Person,19303.0
Wilson,19255.0
Sanilac,19243.0
Susquehanna,19200.0
Brown,19139.0
Russell,19136.0
Callaway,19127.0
Muscatine,19086.0
Lawrence,19076.0
Monroe,19074.0
Burnet,19046.0
Steele,19040.0
Oconee,19030.0
Dare,19009.0
Jefferson,18994.0
Rusk,18994.0
Logan,18948.0
Osage,18942.0
Tooele,18905.0
Pearl River,18893.0
Greene,18869.0
"Danville city, Virginia",18862.0
Gordon,18850.0
Camden,18825.0
Richmond,18813.0
Green,18791.0
Jasper,18776.0
Emmet,18774.0
Talbot,18731.0
Thomas,18730.0
Dallas,18730.0
Des Moines,18713.0
Crawford,18702.0
McMinn,18694.0
McLeod,18684.0
Suwannee,18675.0
"Lincoln Parish, Louisiana",18664.0
Apache,18659.0
Wood,18646.0
Botetourt,18641.0
"Washington Parish, Louisiana",18622.0
Dickson,18619.0
Dale,18617.0
Jefferson,18551.0
Elko,18545.0
Lamar,18537.0
Franklin,18533.0
Carter,18533.0
Harrison,18528.0
Tallapoosa,18504.0
Phelps,18499.0
Tazewell,18495.0
Barren,18483.0
Delta,18467.0
Cortland,18424.0
Putnam,18387.0
Kittitas,18334.0
Warren,18287.0
Chilton,18255.0
Mifflin,18239.0
Clatsop,18158.0
Latah,18146.0
"Webster Parish, Louisiana",18140.0
Coryell,18127.0
Chenango,18113.0
Clinton,18100.0
Carlton,18059.0
Pettis,18045.0
Alexander,18011.0
Marshall,18008.0
Jackson,18004.0
Sioux,17989.0
Campbell,17935.0
Shelby,17935.0
Nicollet,17914.0
Stephens,17886.0
Hoke,17847.0
Ohio,17819.0
Defiance,17795.0
Warren,17791.0
Delaware,17778.0
Marshall,17700.0
"Harrisonburg city, Virginia",17693.0
Warren,17624.0
Champaign,17597.0
Addison,17592.0
Mower,17587.0
San Benito,17572.0
Marion,17554.0
Morrison,17534.0
Jackson,17532.0
Hancock,17517.0
Louisa,17507.0
Clarion,17481.0
Lea,17449.0
Transylvania,17440.0
Montgomery,17438.0
Effingham,17428.0
Howell,17415.0
Union,17400.0
Door,17398.0
Yadkin,17350.0
Macon,17336.0
Tioga,17334.0
Clinton,17268.0
Pittsburg,17250.0
Scott,17244.0
Webster,17239.0
Butler,17232.0
Colleton,17231.0
Le Flore,17199.0
Nez Perce,17195.0
Medina,17187.0
Amador,17186.0
Orange,17157.0
Mecosta,17149.0
Chesterfield,17128.0
Allegany,17111.0
Becker,17090.0
Monroe,17050.0
Highland,17048.0
Pasquotank,16964.0
Halifax,16946.0
Williams,16938.0
Noble,16890.0
Anderson,16887.0
McClain,16839.0
Jefferson,16818.0
DeKalb,16816.0
Bonner,16815.0
Newberry,16795.0
Kay,16795.0
Powhatan,16794.0
Madison,16754.0
Orleans,16722.0
Waller,16715.0
Cherokee,16701.0
Webster,16690.0
Marshall,16688.0
Lawrence,16674.0
Sweetwater,16661.0
Delta,16661.0
Chambers,16661.0
"Vernon Parish, Louisiana",16633.0
Bingham,16625.0
"Natchitoches Parish, Louisiana",16617.0
Marion,16600.0
Graves,16592.0
"Avoyelles Parish, Louisiana",16581.0
Washington,16559.0
Box Elder,16548.0
Fremont,16543.0
Floyd,16540.0
Stone,16538.0
Branch,16490.0
Cherokee,16487.0
Gratiot,16442.0
Stevens,16438.0
Union,16433.0
Albany,16420.0
Harris,16392.0
Franklin,16382.0
Navarro,16382.0
Franklin,16363.0
Bennington,16345.0
Snyder,16333.0
Bureau,16303.0
Wyoming,16280.0
Greenup,16273.0
Silver Bow,16214.0
Clark,16202.0
Morrow,16186.0
Guernsey,16156.0
Oktibbeha,16151.0
Prince George,16140.0
Habersham,16128.0
Brown,16113.0
Boone,16098.0
Miller,16090.0
Liberty,16082.0
Baldwin,16075.0
Summit,16061.0
Calloway,16045.0
"Iberville Parish, Louisiana",16043.0
Huntington,15974.0
Laclede,15959.0
Freeborn,15929.0
Upshur,15918.0
Cooke,15894.0
Crittenden,15894.0
Lee,15893.0
Cass,15885.0
Huron,15848.0
Cheatham,15823.0
Covington,15818.0
Lafayette,15815.0
"St. Bernard Parish, Louisiana",15807.0
Monroe,15781.0
Warren,15766.0
Accomack,15755.0
Bladen,15743.0
Mayes,15712.0
Elbert,15689.0
Madison,15687.0
Delaware,15680.0
Lincoln,15674.0
Lawrence,15658.0
Pike,15633.0
Houghton,15623.0
Fulton,15609.0
McKean,15572.0
Morton,15547.0
Whitley,15535.0
Knox,15483.0
Gibson,15472.0
Chippewa,15434.0
Iron,15354.0
Wakulla,15344.0
Christian,15310.0
Bedford,15300.0
Wexford,15279.0
Coos,15278.0
Lee,15215.0
Escambia,15213.0
"Manassas city, Virginia",15210.0
Lincoln,15193.0
Fayette,15187.0
Mecklenburg,15177.0
Amherst,15164.0
Clarendon,15156.0
Franklin,15148.0
Pulaski,15112.0
Taos,15103.0
Montgomery,15101.0
Livingston,15096.0
Wayne,15080.0
Essex,15079.0
"Beauregard Parish, Louisiana",15078.0
Bryan,15063.0
Williamsburg,15049.0
Wapello,14996.0
Wise,14991.0
Coshocton,14961.0
Dodge,14959.0
Greene,14955.0
Santa Cruz,14926.0
"Evangeline Parish, Louisiana",14879.0
Le Sueur,14867.0
Panola,14854.0
Clinton,14839.0
Pontotoc,14814.0
Rio Arriba,14795.0
Alcorn,14781.0
Leelanau,14757.0
Washington,14747.0
Miami,14712.0
Wharton,14707.0
Marshall,14698.0
Polk,14698.0
Alpena,14688.0
Putnam,14680.0
Mason,14658.0
Perry,14647.0
Park,14634.0
Lawrence,14623.0
Morgan,14607.0
Barry,14604.0
Washington,14571.0
Charlevoix,14567.0
Lincoln,14563.0
Greene,14560.0
Harvey,14540.0
Steuben,14530.0
Sequoyah,14437.0
Crawford,14404.0
"Jefferson Davis Parish, Louisiana",14277.0
Marion,14217.0
Jasper,14216.0
Teller,14203.0
Chester,14202.0
Vernon,14193.0
Caroline,14189.0
Sheridan,14187.0
Polk,14158.0
Cass,14135.0
Lee,14106.0
Platte,14047.0
Dorchester,14034.0
Randolph,14032.0
Lincoln,14001.0
Greenbrier,13984.0
Boone,13984.0
Pickens,13982.0
Madison,13956.0
Brown,13949.0
Goochland,13930.0
Okmulgee,13924.0
Coffee,13896.0
Scotts Bluff,13895.0
Cherokee,13860.0
Elk,13854.0
Erath,13810.0
Chambers,13778.0
Bryan,13775.0
Routt,13772.0
Whitley,13769.0
Greene,13763.0
Scotland,13743.0
Pine,13729.0
"Petersburg city, Virginia",13717.0
Polk,13709.0
Benton,13690.0
Henry,13671.0
Brown,13663.0
Cheboygan,13647.0
Okeechobee,13632.0
Atascosa,13605.0
Independence,13598.0
Colquitt,13592.0
Maverick,13588.0
Carroll,13587.0
Van Wert,13584.0
Trempealeau,13581.0
Antrim,13572.0
Warren,13565.0
Woodford,13560.0
Clark,13548.0
Dinwiddie,13533.0
"De Soto Parish, Louisiana",13497.0
Fluvanna,13492.0
Hopkins,13476.0
Val Verde,13476.0
Orange,13464.0
Jefferson,13461.0
Vilas,13453.0
Pulaski,13443.0
Miami,13440.0
Wabash,13415.0
Clare,13385.0
Jasper,13351.0
Bremer,13350.0
Iosco,13349.0
Jasper,13331.0
Dyer,13290.0
Caroline,13282.0
Stoddard,13278.0
Lincoln,13270.0
Tillamook,13261.0
Wythe,13250.0
Jackson,13239.0
Adams,13172.0
Ashe,13160.0
Dickinson,13140.0
Wells,13123.0
Gillespie,13123.0
Marshall,13083.0
Mississippi,13075.0
Plymouth,13057.0
Muhlenberg,13054.0
Lake,13045.0
Adams,13039.0
Roscommon,13036.0
Pike,13025.0
Caledonia,12966.0
Mille Lacs,12948.0
Lake,12939.0
Boyle,12938.0
Clarke,12936.0
Iroquois,12923.0
Marion,12912.0
McDonough,12910.0
Hill,12906.0
Garrett,12905.0
Marion,12902.0
Henry,12887.0
Uintah,12883.0
Bolivar,12831.0
Montgomery,12829.0
Smyth,12825.0
Carroll,12807.0
Tift,12796.0
Ripley,12790.0
Seneca,12727.0
Gilmer,12713.0
Grant,12713.0
"West Baton Rouge Parish, Louisiana",12710.0
Montezuma,12706.0
Brookings,12680.0
Monroe,12675.0
Schoharie,12673.0
Hancock,12642.0
Baker,12634.0
Preston,12611.0
Cass,12609.0
Manistee,12598.0
Gallia,12588.0
Williams,12529.0
Otsego,12529.0
Jones,12524.0
Hocking,12513.0
Campbell,12504.0
Gladwin,12472.0
Union,12465.0
Posey,12448.0
McPherson,12443.0
Currituck,12423.0
Murray,12422.0
Wyoming,12418.0
Jim Wells,12346.0
Lumpkin,12324.0
Logan,12315.0
Austin,12255.0
Meade,12229.0
Obion,12223.0
Adams,12214.0
Meeker,12198.0
Russell,12195.0
Teton,12176.0
Cowley,12171.0
Curry,12163.0
New Kent,12163.0
Ware,12150.0
Logan,12130.0
Lyon,12129.0
"Salem city, Virginia",12129.0
Whitman,12128.0
Weakley,12127.0
Iowa,12123.0
Wasatch,12120.0
Stark,12115.0
Cocke,12108.0
Jackson,12108.0
Bradford,12098.0
Union,12087.0
"St. James Parish, Louisiana",12085.0
Cleburne,12081.0
Union,12039.0
Hardin,12014.0
Knox,12012.0
Fannin,11972.0
King George,11967.0
Waushara,11961.0
Franklin,11955.0
Madison,11945.0
Todd,11944.0
Graham,11939.0
Hot Spring,11909.0
Copiah,11906.0
Oceana,11903.0
Clinton,11896.0
Morgan,11888.0
"Fairfax city, Virginia",11854.0
"Morehouse Parish, Louisiana",11852.0
Martin,11852.0
Lawrence,11842.0
Pontotoc,11811.0
Matagorda,11779.0
White,11771.0
Wabasha,11764.0
Fannin,11764.0
"Pointe Coupee Parish, Louisiana",11761.0
Lyon,11745.0
Juneau,11736.0
Caldwell,11709.0
Dillon,11696.0
Starr,11691.0
Dawson,11680.0
Codington,11669.0
Ellis,11660.0
Geneva,11659.0
Edgefield,11644.0
Lamoille,11641.0
Crook,11638.0
Montgomery,11623.0
Meade,11621.0
Cass,11606.0
Pike,11513.0
Jefferson,11471.0
Douglas,11467.0
Montgomery,11449.0
Montgomery,11444.0
Marion,11443.0
Mendocino,11435.0
Dukes,11434.0
Hubbard,11423.0
Anderson,11420.0
Simpson,11416.0
Miller,11414.0
Mineral,11410.0
Marshall,11402.0
Tate,11389.0
Curry,11383.0
Union,11374.0
Washington,11333.0
Haralson,11317.0
Taylor,11304.0
Clay,11259.0
Fairfield,11252.0
Wasco,11251.0
Saline,11234.0
Winneshiek,11217.0
Jo Daviess,11177.0
"Staunton city, Virginia",11144.0
Washington,11144.0
"Fredericksburg city, Virginia",11135.0
Giles,11120.0
Jennings,11115.0
Hendry,11106.0
Decatur,11095.0
Adams,11063.0
Fayette,11029.0
Chaffee,10999.0
Franklin,10990.0
Orleans,10988.0
Fillmore,10976.0
Sumter,10973.0
Madison,10966.0
Marengo,10948.0
Rhea,10946.0
Churchill,10936.0
Texas,10935.0
Upson,10924.0
Shelby,10912.0
Jersey,10909.0
"Assumption Parish, Louisiana",10904.0
Logan,10899.0
"Union Parish, Louisiana",10894.0
Okanogan,10893.0
Ray,10835.0
Marion,10832.0
Washington,10824.0
Holmes,10823.0
Fayette,10817.0
Randolph,10816.0
Menominee,10765.0
DeSoto,10761.0
Harlan,10757.0
Kewaunee,10742.0
Carroll,10736.0
Daviess,10736.0
Abbeville,10724.0
Blaine,10723.0
Polk,10723.0
Los Alamos,10716.0
McCurtain,10709.0
Claiborne,10706.0
Peach,10699.0
San Miguel,10697.0
Ottawa,10686.0
Rockbridge,10685.0
Pacific,10667.0
Jerome,10667.0
Page,10663.0
Franklin,10658.0
Saunders,10598.0
Osceola,10597.0
San Juan,10589.0
Washington,10584.0
Mercer,10584.0
"Winchester city, Virginia",10574.0
Dunklin,10574.0
"Plaquemines Parish, Louisiana",10572.0
Grayson,10572.0
Perry,10572.0
Dodge,10564.0
Custer,10531.0
Garvin,10531.0
Houston,10515.0
Caswell,10515.0
Cherokee,10503.0
Mahaska,10494.0
Martin,10469.0
Aransas,10467.0
Randolph,10456.0
Grenada,10442.0
Neshoba,10438.0
Carroll,10435.0
Lassen,10422.0
Panola,10413.0
Juniata,10402.0
Ohio,10398.0
Wyandot,10396.0
Anson,10394.0
Barbour,10390.0
Pitkin,10387.0
Ogemaw,10386.0
Hood River,10383.0
Llano,10377.0
Wayne,10376.0
Pottawatomie,10359.0
Marlboro,10353.0
Carroll,10333.0
Lewis,10312.0
Randolph,10309.0
San Jacinto,10305.0
Carter,10274.0
Winston,10255.0
Dickinson,10247.0
Park,10245.0
Decatur,10238.0
Benzie,10221.0
Bandera,10213.0
Jackson,10204.0
Clinton,10197.0
Monroe,10185.0
Palo Pinto,10175.0
Henderson,10172.0
Buchanan,10137.0
Adair,10137.0
Randolph,10130.0
Warren,10123.0
Mason,10115.0
Adams,10107.0
Hertford,10100.0
Langlade,10093.0
Barton,10088.0
Hart,10077.0
Scott,10055.0
Audrain,10043.0
"East Feliciana Parish, Louisiana",10042.0
McNairy,10035.0
Jones,10011.0
Clay,9960.0
Spencer,9959.0
Malheur,9950.0
Hardin,9949.0
Stutsman,9938.0
Ouachita,9929.0
Crawford,9920.0
White,9902.0
Yazoo,9892.0
Prentiss,9871.0
Scott,9867.0
Klickitat,9859.0
Henry,9855.0
Gage,9854.0
George,9831.0
Fayette,9813.0
Yancey,9808.0
"Sabine Parish, Louisiana",9785.0
Sanpete,9778.0
White,9776.0
Northampton,9761.0
Stephens,9760.0
Finney,9731.0
Bell,9718.0
Perry,9706.0
Logan,9702.0
Poweshiek,9693.0
Asotin,9684.0
Itawamba,9634.0
Yankton,9616.0
"Richland Parish, Louisiana",9596.0
Benton,9584.0
Waseca,9579.0
Johnson,9572.0
Leflore,9566.0
Lincoln,9561.0
Grant,9556.0
LaGrange,9552.0
Brooke,9540.0
Wayne,9534.0
Fayette,9530.0
Grimes,9528.0
Fayette,9515.0
Spencer,9513.0
Greene,9503.0
Pickens,9494.0
Sumner,9494.0
Bayfield,9491.0
Kleberg,9483.0
Barnwell,9479.0
Butts,9477.0
Mingo,9469.0
Nodaway,9439.0
Morgan,9435.0
Putnam,9431.0
Taylor,9417.0
Meigs,9410.0
Sunflower,9406.0
Cedar,9386.0
Nicholas,9385.0
Bertie,9380.0
Glenn,9379.0
Del Norte,9361.0
Lee,9353.0
Burke,9350.0
Caddo,9336.0
Green Lake,9315.0
Gunnison,9299.0
Henry,9286.0
Taylor,9279.0
Washington,9279.0
Lincoln,9272.0
McDuffie,9268.0
Saline,9245.0
"Allen Parish, Louisiana",9245.0
Hardeman,9242.0
Starke,9226.0
Buchanan,9220.0
Jackson,9202.0
Grady,9187.0
Aitkin,9185.0
Meriwether,9181.0
Upshur,9180.0
Titus,9176.0
Kent,9166.0
Delaware,9165.0
"Franklin Parish, Louisiana",9162.0
Piscataquis,9144.0
Tippah,9143.0
Andrew,9140.0
Letcher,9134.0
"Waynesboro city, Virginia",9114.0
Prince Edward,9113.0
Toombs,9108.0
Clayton,9098.0
King William,9088.0
Park,9086.0
Johnson,9086.0
Shelby,9072.0
Scott,9060.0
Washburn,9059.0
Yates,8975.0
"Hopewell city, Virginia",8968.0
Uvalde,8936.0
Kalkaska,8920.0
Coahoma,8912.0
Piatt,8899.0
Lincoln,8892.0
Columbia,8887.0
Mariposa,8877.0
Jefferson,8874.0
Southampton,8872.0
"Concordia Parish, Louisiana",8869.0
Rowan,8842.0
Paulding,8842.0
Greene,8831.0
Plumas,8830.0
"Grant Parish, Louisiana",8819.0
Morgan,8815.0
Hale,8802.0
Bourbon,8795.0
Hampton,8794.0
Covington,8790.0
Iowa,8789.0
Winston,8771.0
Breckinridge,8771.0
Somerset,8768.0
Bibb,8748.0
Macon,8748.0
Perry,8732.0
Burnett,8719.0
Howard,8692.0
Butler,8685.0
Lauderdale,8678.0
Pike,8675.0
Boone,8654.0
Tama,8636.0
Lavaca,8633.0
Carroll,8609.0
Milam,8607.0
Montague,8604.0
Newton,8594.0
Nobles,8592.0
Vernon,8576.0
Sullivan,8559.0
Saluda,8559.0
Hampshire,8557.0
Clay,8542.0
Montour,8535.0
Madison,8523.0
Owen,8520.0
Elmore,8519.0
Union,8514.0
Grand,8513.0
Crawford,8507.0
Holmes,8506.0
Clark,8505.0
Kossuth,8505.0
Madison,8503.0
Washington,8492.0
Patrick,8489.0
Dawson,8486.0
Colorado,8480.0
Baker,8479.0
Franklin,8474.0
Jasper,8468.0
Ste. Genevieve,8459.0
Bee,8458.0
Leake,8436.0
"Colonial Heights city, Virginia",8427.0
Hardin,8423.0
Schuyler,8423.0
Washington,8422.0
Gilchrist,8418.0
Mercer,8417.0
Lincoln,8398.0
Cherokee,8386.0
Fulton,8374.0
Tishomingo,8310.0
Sevier,8308.0
Houston,8302.0
Westmoreland,8291.0
Worth,8266.0
Wayne,8256.0
Nelson,8247.0
Chattooga,8246.0
McDonald,8233.0
Adair,8231.0
Idaho,8223.0
Polk,8215.0
Giles,8196.0
Fayette,8196.0
Overton,8195.0
Orange,8189.0
Buena Vista,8179.0
Cassia,8178.0
Northumberland,8176.0
Russell,8174.0
Hughes,8173.0
Jefferson,8151.0
Lampasas,8149.0
Clarke,8131.0
Hutchinson,8126.0
Kanabec,8125.0
Lee,8110.0
Marion,8109.0
Allen,8091.0
Douglas,8089.0
Wright,8086.0
Ashley,8083.0
Avery,8060.0
Uinta,8053.0
Seminole,8032.0
Perry,8025.0
Bates,8021.0
Cibola,8017.0
Henry,8017.0
Greene,8013.0
Hale,8010.0
Dickinson,8008.0
Jefferson,8001.0
Inyo,7996.0
Wayne,7991.0
Floyd,7985.0
Grainger,7985.0
Cooper,7976.0
Floyd,7972.0
Tyler,7969.0
Jay,7962.0
Richland,7962.0
McIntosh,7958.0
Appomattox,7954.0
Davison,7952.0
Gem,7952.0
Rabun,7949.0
Mitchell,7948.0
Ashland,7926.0
Conway,7921.0
Labette,7919.0
Elbert,7912.0
Logan,7909.0
Brown,7908.0
Union,7895.0
Chickasaw,7890.0
Mitchell,7857.0
Emanuel,7838.0
Clark,7819.0
Hancock,7818.0
Carbon,7818.0
Marquette,7813.0
Wyoming,7809.0
Jackson,7806.0
Bosque,7797.0
Edgar,7783.0
Harrison,7780.0
Potter,7777.0
Sawyer,7767.0
Roseau,7767.0
Hickman,7762.0
Seward,7754.0
Sibley,7727.0
Clarke,7713.0
Warren,7700.0
Crawford,7678.0
"Falls Church city, Virginia",7667.0
Young,7658.0
Limestone,7648.0
Brunswick,7645.0
Jefferson,7641.0
Morgan,7635.0
Richland,7630.0
Garrard,7619.0
Freestone,7608.0
Mills,7608.0
Lafayette,7602.0
Hamilton,7589.0
Macon,7579.0
Hardee,7577.0
Lamar,7575.0
Woodward,7573.0
Redwood,7566.0
Renville,7563.0
Price,7560.0
Smith,7556.0
Calhoun,7553.0
"Williamsburg city, Virginia",7534.0
Beckham,7529.0
Simpson,7529.0
Tipton,7510.0
Crisp,7500.0
Macon,7490.0
Fountain,7474.0
De Witt,7469.0
"Jackson Parish, Louisiana",7464.0
Bond,7462.0
Richland,7460.0
Pike,7458.0
Arenac,7457.0
Butler,7457.0
Gasconade,7444.0
Dallas,7440.0
St. Francis,7430.0
Ford,7425.0
Smith,7410.0
Leon,7407.0
Harrison,7378.0
Washington,7376.0
Pike,7375.0
Gray,7360.0
Faribault,7355.0
Carroll,7354.0
New Madrid,7352.0
O'Brien,7348.0
Gogebic,7313.0
Fentress,7311.0
Alleghany,7306.0
Missaukee,7301.0
Pierce,7297.0
Luna,7295.0
Archuleta,7290.0
White,7289.0
Buckingham,7284.0
Hockley,7282.0
Gulf,7279.0
Otoe,7279.0
Choctaw,7268.0
Hart,7263.0
Dakota,7259.0
Grayson,7258.0
Sharp,7246.0
Attala,7242.0
Mason,7216.0
Presque Isle,7215.0
Rush,7214.0
Dixie,7202.0
Unicoi,7166.0
Henry,7145.0
Humphreys,7139.0
Geary,7129.0
Scott,7123.0
Van Buren,7116.0
"Poquoson city, Virginia",7114.0
Chowan,7108.0
Osage,7078.0
Cass,7055.0
Holmes,7045.0
Amelia,7035.0
Amite,7033.0
Hempstead,7031.0
Rusk,7029.0
Robertson,7010.0
"Bienville Parish, Louisiana",7005.0
Appling,7003.0
Dodge,6995.0
Lincoln,6988.0
Page,6968.0
"Bristol city, Virginia",6966.0
Calhoun,6957.0
Harrison,6956.0
Banks,6946.0
Burleson,6945.0
DeKalb,6940.0
Eastland,6935.0
Jefferson,6934.0
Madison,6934.0
Phillips,6932.0
Duchesne,6932.0
Lamar,6931.0
Buffalo,6921.0
Vermillion,6913.0
Grant,6908.0
Alamosa,6897.0
Osage,6894.0
Wadena,6894.0
Lewis,6885.0
Tattnall,6879.0
Minidoka,6870.0
Cross,6863.0
Crawford,6862.0
Allamakee,6837.0
Crawford,6833.0
Madison,6829.0
Haywood,6824.0
DeWitt,6822.0
Moniteau,6808.0
Socorro,6792.0
Pend Oreille,6788.0
Lake,6786.0
Dent,6778.0
Marion,6778.0
Beadle,6772.0
Pamlico,6772.0
Grundy,6766.0
Clay,6765.0
Franklin,6764.0
Trigg,6745.0
Fulton,6743.0
Towns,6726.0
Nottoway,6717.0
Las Animas,6693.0
Rockcastle,6688.0
Monroe,6686.0
Lowndes,6676.0
Pennington,6671.0
Douglas,6664.0
Morgan,6664.0
Oglethorpe,6650.0
Massac,6633.0
Lancaster,6599.0
Perquimans,6595.0
Colusa,6594.0
Drew,6590.0
Parke,6576.0
Clay,6572.0
"La Salle Parish, Louisiana",6568.0
Berrien,6563.0
Jefferson,6559.0
Johnson,6556.0
Converse,6552.0
Conecuh,6543.0
Cleburne,6532.0
Lee,6522.0
Polk,6520.0
Moffat,6510.0
Taylor,6498.0
Lake,6472.0
Adair,6468.0
Casey,6439.0
Mason,6433.0
Humboldt,6433.0
Yell,6423.0
Menard,6423.0
"Claiborne Parish, Louisiana",6421.0
Livingston,6408.0
Dickenson,6405.0
Nantucket,6404.0
Atchison,6393.0
Sumter,6391.0
Randolph,6378.0
Hill,6368.0
Stone,6368.0
"Winn Parish, Louisiana",6368.0
Larue,6367.0
Chickasaw,6367.0
Pawnee,6346.0
Calhoun,6339.0
Lyon,6336.0
Lawrence,6329.0
Benton,6322.0
Koochiching,6313.0
Gonzales,6304.0
Pope,6294.0
Morgan,6290.0
Ford,6289.0
Torrance,6286.0
Brantley,6285.0
Cedar,6278.0
Clay,6278.0
Shelby,6270.0
Brooks,6268.0
Fleming,6257.0
York,6256.0
Crenshaw,6252.0
Dade,6238.0
Jefferson Davis,6237.0
Union,6211.0
Arkansas,6211.0
Moultrie,6209.0
Union,6204.0
Carbon,6200.0
Bamberg,6195.0
Wetzel,6191.0
Cherokee,6186.0
Chippewa,6182.0
McDowell,6179.0
Alcona,6179.0
Neosho,6151.0
Northampton,6134.0
Kingfisher,6123.0
Washington,6115.0
Appanoose,6096.0
Wilcox,6095.0
Mackinac,6088.0
Calhoun,6067.0
Yalobusha,6058.0
Lawrence,6042.0
Lawrence,6039.0
Cook,6038.0
"Radford city, Virginia",6032.0
Pemiscot,6025.0
Barbour,6024.0
Hardy,6022.0
Johnson,6017.0
Jasper,6016.0
Pendleton,6007.0
Franklin,6003.0
Clay,5998.0
Middlesex,5994.0
Trinity,5982.0
Swain,5982.0
Pike,5977.0
Caldwell,5975.0
"St. Helena Parish, Louisiana",5964.0
Wright,5949.0
Carbon,5936.0
Jones,5932.0
Barton,5932.0
Ben Hill,5923.0
Bourbon,5918.0
Roosevelt,5912.0
Iron,5910.0
Walthall,5909.0
Marshall,5903.0
McIntosh,5893.0
Clay,5885.0
Sanders,5884.0
Noble,5875.0
"Martinsville city, Virginia",5873.0
Tallahatchie,5870.0
Wayne,5842.0
Hancock,5815.0
Webster,5805.0
"West Feliciana Parish, Louisiana",5798.0
Fergus,5797.0
Charlotte,5792.0
Newton,5791.0
Craig,5778.0
McCreary,5776.0
Texas,5771.0
Union,5768.0
Knott,5763.0
Wayne,5738.0
Breathitt,5735.0
Jackson,5727.0
Winnebago,5717.0
Fremont,5714.0
Goshen,5708.0
Payette,5703.0
Screven,5699.0
Cottonwood,5697.0
Union,5693.0
Lincoln,5692.0
Lawrence,5685.0
Monroe,5670.0
Bollinger,5669.0
Blanco,5669.0
Sequatchie,5667.0
Guthrie,5654.0
Washington,5630.0
Skamania,5587.0
Lunenburg,5577.0
Butler,5576.0
Linn,5572.0
Stone,5568.0
Callahan,5556.0
Estill,5545.0
Greene,5542.0
Noxubee,5538.0
Clear Creek,5532.0
Murray,5525.0
Ripley,5518.0
Cumberland,5513.0
Jackson,5500.0
Franklin,5499.0
Custer,5489.0
Rio Grande,5488.0
Marshall,5487.0
Carroll,5470.0
Marion,5465.0
Jackson,5453.0
Hamilton,5451.0
Izard,5445.0
Pulaski,5437.0
Perry,5432.0
Montgomery,5424.0
Choctaw,5419.0
Wabash,5402.0
Vinton,5393.0
Crockett,5386.0
San Juan,5385.0
Mitchell,5360.0
Essex,5354.0
Stevens,5350.0
Valley,5349.0
Green,5333.0
Poinsett,5332.0
Lake,5328.0
Gates,5328.0
Greene,5325.0
Madison,5318.0
Allen,5314.0
Colfax,5302.0
Cannon,5299.0
Lewis,5298.0
Mathews,5292.0
Stewart,5283.0
Little River,5277.0
Jackson,5275.0
Ralls,5266.0
Moore,5262.0
Scurry,5261.0
Perry,5255.0
Yellow Medicine,5253.0
Barnes,5253.0
Edmonson,5241.0
Millard,5234.0
Roane,5234.0
Falls,5232.0
Coosa,5223.0
Ramsey,5218.0
McCormick,5215.0
"Manassas Park city, Virginia",5214.0
Alleghany,5214.0
Comanche,5208.0
McLean,5206.0
Gooding,5191.0
Mississippi,5165.0
Custer,5160.0
Sac,5158.0
Crawford,5157.0
Mono,5154.0
Jackson,5151.0
Boundary,5150.0
Sierra,5149.0
Red River,5147.0
Morgan,5136.0
Shoshone,5120.0
Magoffin,5116.0
Calhoun,5105.0
Jasper,5104.0
Jeff Davis,5089.0
Willacy,5082.0
Big Horn,5079.0
Clay,5069.0
Braxton,5063.0
Red Willow,5061.0
Cass,5054.0
Jones,5039.0
Otero,5038.0
Sussex,5036.0
Humboldt,5033.0
Nemaha,5025.0
Webster,5024.0
Clay,5011.0
Montmorency,5008.0
Atoka,5002.0
Owen,4999.0
Montgomery,4998.0
Glacier,4991.0
Monroe,4991.0
Holt,4979.0
Prowers,4978.0
Watonwan,4971.0
Swift,4968.0
Teton,4966.0
Morris,4964.0
Powell,4957.0
Grant,4945.0
Louisa,4943.0
Camden,4939.0
Bleckley,4934.0
La Paz,4931.0
Andrews,4926.0
Franklin,4915.0
Hamilton,4902.0
Cumberland,4875.0
Noble,4870.0
Greene,4862.0
Keokuk,4858.0
"Catahoula Parish, Louisiana",4856.0
Howard,4851.0
Chester,4850.0
Summers,4847.0
Stillwater,4827.0
Blackford,4822.0
Richland,4818.0
Martin,4807.0
Rock,4807.0
Saline,4795.0
Marshall,4794.0
Early,4782.0
Pipestone,4779.0
Todd,4774.0
Fulton,4771.0
Morgan,4770.0
Greene,4762.0
Box Butte,4761.0
"West Carroll Parish, Louisiana",4759.0
Grundy,4750.0
Nolan,4744.0
Seward,4743.0
Haskell,4734.0
"Madison Parish, Louisiana",4732.0
Madison,4720.0
Hickory,4717.0
Custer,4716.0
Trinity,4716.0
Emmet,4707.0
Bullock,4701.0
Beaverhead,4694.0
"Caldwell Parish, Louisiana",4692.0
Palo Alto,4674.0
Howard,4671.0
Yuma,4664.0
Oregon,4664.0
Bledsoe,4650.0
Livingston,4643.0
Murray,4642.0
Sabine,4642.0
Kemper,4639.0
St. Clair,4630.0
Rains,4630.0
Washita,4628.0
Metcalfe,4619.0
Phelps,4609.0
Gaines,4609.0
Lewis,4601.0
McKenzie,4594.0
Crawford,4591.0
DeKalb,4590.0
Bath,4583.0
Marshall,4578.0
Decatur,4577.0
Sevier,4570.0
Cheyenne,4569.0
McLean,4566.0
Mercer,4564.0
Walsh,4543.0
Camp,4542.0
Hughes,4525.0
Monona,4525.0
Alger,4513.0
Howard,4507.0
Forest,4507.0
Ozark,4501.0
Maries,4498.0
Leslie,4492.0
Pushmataha,4483.0
Wilkes,4470.0
Platte,4460.0
Clinton,4458.0
Grand,4456.0
Washington,4454.0
Lewis,4452.0
Jackson,4447.0
Rappahannock,4444.0
"Red River Parish, Louisiana",4422.0
Grundy,4413.0
Clarke,4405.0
Greensville,4363.0
Carroll,4361.0
Cedar,4360.0
Franklin,4356.0
Glades,4355.0
Johnson,4349.0
Butte,4346.0
San Miguel,4311.0
Meigs,4311.0
Caldwell,4309.0
Dawson,4304.0
Lucas,4297.0
Sublette,4297.0
Hancock,4293.0
Macon,4287.0
Madison,4283.0
Linn,4279.0
Wilkinson,4276.0
Archer,4269.0
Live Oak,4267.0
Emery,4263.0
Perry,4262.0
Iron,4260.0
Desha,4252.0
Nowata,4237.0
Brewster,4226.0
Clearwater,4225.0
Franklin,4219.0
Worth,4216.0
Marion,4206.0
Heard,4206.0
Deaf Smith,4201.0
Benewah,4192.0
Karnes,4185.0
Terrell,4179.0
Wallowa,4177.0
Chicot,4176.0
Wilkinson,4174.0
Grant,4171.0
Big Horn,4168.0
Pecos,4167.0
Montgomery,4162.0
Duval,4159.0
Schoolcraft,4151.0
Turner,4150.0
Monroe,4147.0
Hamilton,4143.0
Deer Lodge,4122.0
Long,4109.0
Wilbarger,4101.0
Ballard,4101.0
Lincoln,4100.0
Graham,4094.0
Adams,4081.0
Juab,4076.0
Lemhi,4068.0
Oscoda,4062.0
Knox,4061.0
Twiggs,4053.0
Latimer,4050.0
Ritchie,4040.0
"Franklin city, Virginia",4040.0
Crittenden,4037.0
Choctaw,4020.0
Bacon,4010.0
Newton,4010.0
Mountrail,4009.0
Charlton,4008.0
Johnston,4001.0
Benton,3996.0
Morrow,3989.0
Cuming,3988.0
Pike,3980.0
Surry,3976.0
Conejos,3970.0
Coffey,3962.0
Chariton,3962.0
Lyon,3961.0
Brown,3960.0
Martin,3953.0
Dade,3951.0
Keith,3945.0
Okfuskee,3933.0
Owyhee,3920.0
Warren,3919.0
Butler,3914.0
Lamb,3905.0
Shannon,3904.0
Roberts,3886.0
Somervell,3876.0
Valley,3874.0
Traill,3864.0
Jefferson,3859.0
Davis,3858.0
Carroll,3855.0
Harney,3850.0
Monroe,3844.0
Dooly,3836.0
Lac qui Parle,3835.0
Pocahontas,3831.0
Cloud,3831.0
Lincoln,3826.0
Lake,3814.0
Boise,3812.0
Pratt,3806.0
Clearwater,3801.0
Telfair,3794.0
Blaine,3793.0
Schuyler,3792.0
Trimble,3788.0
Love,3787.0
Grand Isle,3778.0
White Pine,3773.0
Huerfano,3772.0
Crook,3771.0
Runnels,3765.0
Adair,3759.0
Candler,3757.0
Newton,3753.0
Pepin,3746.0
Charles City,3745.0
Wayne,3740.0
Searcy,3728.0
Clay,3727.0
Washakie,3715.0
Goliad,3713.0
Merrick,3707.0
Decatur,3703.0
"Cameron Parish, Louisiana",3692.0
Daviess,3689.0
Harrison,3682.0
Johnson,3682.0
Richardson,3666.0
Woods,3665.0
Rolette,3662.0
Irwin,3659.0
Benton,3654.0
Bradley,3652.0
Richmond,3651.0
Switzerland,3639.0
Coleman,3635.0
Tyler,3621.0
Pocahontas,3619.0
King and Queen,3615.0
Kit Carson,3613.0
Hamilton,3609.0
Evans,3602.0
Humphreys,3599.0
Pulaski,3598.0
Ida,3590.0
Pierce,3580.0
Allendale,3578.0
Dawes,3578.0
Seminole,3577.0
Gilpin,3574.0
Hancock,3572.0
Quay,3567.0
Rice,3567.0
San Augustine,3563.0
Fall River,3563.0
Dawson,3562.0
Grant,3562.0
Montgomery,3560.0
Ferry,3560.0
Fremont,3554.0
Bracken,3527.0
Van Buren,3526.0
Burt,3523.0
Roosevelt,3502.0
Kiowa,3489.0
Baraga,3486.0
Thomas,3483.0
Kane,3482.0
Wilson,3482.0
Henderson,3480.0
Iron,3477.0
Montgomery,3471.0
Tucker,3464.0
Tunica,3463.0
Grant,3453.0
Stephens,3453.0
Prairie,3440.0
Bottineau,3437.0
Rio Blanco,3436.0
Charles Mix,3433.0
Jefferson,3430.0
Ontonagon,3420.0
Ward,3413.0
Taylor,3402.0
Major,3399.0
Turner,3390.0
Zavala,3390.0
Audubon,3379.0
Lafayette,3375.0
Rosebud,3372.0
Doniphan,3366.0
Hutchinson,3365.0
Cook,3360.0
Modoc,3359.0
Quitman,3353.0
Cleveland,3352.0
Wabaunsee,3340.0
Jack,3339.0
Gallatin,3337.0
Weston,3334.0
Clark,3316.0
Edwards,3312.0
Liberty,3295.0
Ouray,3287.0
Union,3286.0
Kingman,3281.0
Wilkin,3279.0
Anderson,3277.0
Shelby,3252.0
Greenlee,3243.0
Talbot,3243.0
Nevada,3243.0
Kearney,3242.0
Norman,3232.0
Dimmit,3225.0
Antelope,3220.0
Pendleton,3212.0
Osceola,3197.0
Reeves,3184.0
Marion,3183.0
Lake,3175.0
Colfax,3172.0
Sullivan,3168.0
Houston,3165.0
Teton,3155.0
Russell,3148.0
Trousdale,3142.0
Zapata,3134.0
Pleasants,3130.0
Bland,3124.0
Broadwater,3102.0
Pembina,3093.0
McCulloch,3086.0
Cherry,3082.0
Putnam,3076.0
Cumberland,3066.0
Custer,3064.0
Scott,3038.0
Caribou,3035.0
Nemaha,3035.0
Jenkins,3034.0
Gentry,3033.0
Reynolds,3032.0
Lee,3020.0
Taylor,3003.0
Lincoln,3002.0
Ochiltree,2981.0
Bon Homme,2974.0
Clay,2973.0
Wilcox,2973.0
Clay,2958.0
Howard,2958.0
Webster,2955.0
Claiborne,2954.0
Spink,2951.0
Refugio,2945.0
Carson,2945.0
"East Carroll Parish, Louisiana",2939.0
Moody,2930.0
Bear Lake,2928.0
Moore,2926.0
Wayne,2921.0
Clay,2919.0
Ohio,2917.0
Randolph,2895.0
Fillmore,2879.0
Boone,2867.0
Ottawa,2866.0
Lanier,2861.0
Elliott,2855.0
Perry,2855.0
Lafayette,2846.0
Carter,2842.0
Nicholas,2840.0
Doddridge,2826.0
Mitchell,2824.0
Alexander,2820.0
Parmer,2818.0
Greenwood,2811.0
Craig,2784.0
Menifee,2780.0
Powell,2778.0
Monroe,2778.0
Dallas,2769.0
Hamlin,2762.0
Power,2758.0
Stanton,2748.0
Day,2747.0
Dixon,2744.0
Big Stone,2729.0
Atchison,2723.0
Washington,2708.0
Saguache,2707.0
Stark,2707.0
Essex,2706.0
Tillman,2706.0
Pondera,2702.0
Treutlen,2700.0
Gallatin,2691.0
Hamilton,2688.0
McHenry,2687.0
Ringgold,2684.0
Frio,2683.0
Washington,2677.0
Lee,2667.0
Florence,2651.0
Blaine,2645.0
Wolfe,2635.0
Tripp,2630.0
Ellsworth,2626.0
Thayer,2613.0
Phillips,2611.0
Pickett,2609.0
Atkinson,2604.0
Calhoun,2604.0
Cotton,2602.0
Pawnee,2602.0
Carlisle,2601.0
Brooks,2596.0
McCook,2587.0
Scott,2583.0
Chouteau,2581.0
Luce,2576.0
Morris,2568.0
Woodruff,2566.0
Sheridan,2565.0
Storey,2558.0
Calhoun,2556.0
Kingsbury,2551.0
"Tensas Parish, Louisiana",2543.0
Miller,2540.0
Polk,2538.0
Sherman,2537.0
Hot Springs,2535.0
Gilmer,2528.0
Harper,2513.0
Beaver,2490.0
Sullivan,2484.0
Republic,2484.0
Walworth,2477.0
Pulaski,2473.0
"Lexington city, Virginia",2448.0
Clinch,2443.0
Mora,2434.0
Van Buren,2417.0
Lander,2413.0
Custer,2413.0
Wirt,2410.0
Musselshell,2409.0
Lincoln,2402.0
Forest,2398.0
"Buena Vista city, Virginia",2395.0
Coal,2393.0
Fulton,2382.0
Rooks,2378.0
Dickey,2372.0
"Covington city, Virginia",2369.0
"Emporia city, Virginia",2367.0
"Galax city, Virginia",2363.0
Kittson,2363.0
San Saba,2354.0
Wells,2352.0
Holt,2348.0
Jefferson,2345.0
Putnam,2342.0
Brown,2336.0
Wahkiakum,2333.0
Phillips,2332.0
Warren,2332.0
Ransom,2317.0
Furnas,2315.0
Grant,2311.0
Wheeler,2306.0
Yoakum,2299.0
Garfield,2294.0
Brule,2288.0
Delta,2279.0
Hyde,2273.0
Calhoun,2264.0
Alfalfa,2256.0
Dewey,2246.0
Bath,2243.0
Mills,2238.0
Beaver,2237.0
Lake of the Woods,2230.0
Hancock,2229.0
Barber,2209.0
Presidio,2203.0
Grant,2200.0
Dunn,2199.0
Mitchell,2190.0
Swisher,2190.0
Norton,2190.0
Adams,2183.0
Valley,2172.0
Columbia,2171.0
Morrill,2166.0
Scott,2159.0
Hickman,2157.0
Nuckolls,2153.0
Phillips,2149.0
Hardin,2133.0
Pope,2132.0
Lincoln,2132.0
Todd,2125.0
Jim Hogg,2119.0
LaMoure,2115.0
Baca,2107.0
Wheeler,2102.0
Gregory,2091.0
Childress,2084.0
Adams,2082.0
Sweet Grass,2080.0
Deuel,2080.0
Mahnomen,2074.0
Oneida,2068.0
Mason,2053.0
Stewart,2053.0
Johnson,2051.0
La Salle,2049.0
Catron,2035.0
Thurston,2029.0
Cameron,2024.0
Toole,2024.0
Calhoun,2023.0
Pierce,2020.0
Smith,2014.0
Gray,2011.0
Hanson,2006.0
Mineral,1997.0
Lynn,1997.0
Castro,1996.0
Mineral,1985.0
Pershing,1982.0
Sargent,1978.0
Lake,1970.0
Cavalier,1969.0
Scotland,1968.0
Emmons,1959.0
Floyd,1958.0
Marshall,1947.0
Hansford,1947.0
Hartley,1945.0
Kimble,1945.0
Benson,1940.0
Schuyler,1933.0
Sharkey,1926.0
Edmunds,1918.0
Schley,1909.0
Greer,1896.0
Bent,1892.0
Stafford,1884.0
Winkler,1873.0
Red Lake,1871.0
Knox,1867.0
Hidalgo,1863.0
Stevens,1853.0
Chase,1851.0
Chautauqua,1845.0
Sheridan,1827.0
Ellis,1826.0
Costilla,1820.0
Hand,1818.0
Guadalupe,1814.0
Sierra,1804.0
Traverse,1791.0
Bailey,1784.0
Bowman,1769.0
Granite,1765.0
Haskell,1765.0
Terry,1763.0
Owsley,1759.0
Roger Mills,1758.0
Martin,1755.0
Osborne,1753.0
Lincoln,1748.0
Mercer,1739.0
Fisher,1722.0
Crosby,1712.0
Dewey,1707.0
Tyrrell,1700.0
Foster,1699.0
Union,1697.0
Nelson,1694.0
Hemphill,1687.0
Webster,1687.0
Real,1678.0
Meade,1675.0
Clark,1657.0
Franklin,1656.0
Kimball,1636.0
Perkins,1606.0
Douglas,1605.0
Nance,1599.0
Lewis,1590.0
Harlan,1582.0
Brown,1579.0
Stanley,1567.0
Sherman,1553.0
Dallam,1535.0
Crowley,1511.0
Hardeman,1511.0
Shackelford,1502.0
Baylor,1492.0
Harper,1485.0
Jewell,1483.0
Fallon,1476.0
Garza,1475.0
Rush,1474.0
Decatur,1460.0
Donley,1460.0
Trego,1459.0
"Norton city, Virginia",1456.0
Rawlins,1448.0
Lincoln,1448.0
Baker,1440.0
Hitchcock,1440.0
Ness,1435.0
Keweenaw,1429.0
Kinney,1424.0
Coke,1423.0
McIntosh,1423.0
Lyman,1421.0
Woodson,1420.0
Perkins,1418.0
Sutton,1415.0
Wayne,1410.0
Cheyenne,1409.0
Aurora,1407.0
Crockett,1395.0
Highland,1391.0
Glascock,1390.0
Chattahoochee,1384.0
Crane,1381.0
Sedgwick,1364.0
Sheridan,1362.0
Grant,1361.0
Kidder,1358.0
Knox,1358.0
Logan,1348.0
Chase,1342.0
Potter,1335.0
Gove,1328.0
Kearny,1325.0
Lipscomb,1322.0
Pawnee,1314.0
Frontier,1310.0
Edwards,1308.0
Haskell,1300.0
Niobrara,1297.0
Upton,1296.0
Menominee,1279.0
Clay,1271.0
Graham,1265.0
Hettinger,1261.0
Elk,1259.0
Renville,1255.0
Griggs,1247.0
Garfield,1232.0
Butte,1230.0
Dolores,1230.0
Eddy,1219.0
Adams,1206.0
Judith Basin,1192.0
Divide,1187.0
Sioux,1177.0
Corson,1175.0
Jeff Davis,1175.0
Echols,1175.0
Greeley,1165.0
Morton,1160.0
Collingsworth,1154.0
Bennett,1149.0
Boyd,1142.0
McPherson,1137.0
Towner,1137.0
Sanborn,1123.0
Faulk,1118.0
Webster,1114.0
Rich,1096.0
Jackson,1095.0
Hall,1089.0
Cimarron,1077.0
Cheyenne,1076.0
Concho,1067.0
Edwards,1065.0
