0,1
autre r f rence de publication,cn101341221a cn101341221b ep1925646a1 us20080136862 wo2007102623a1
cessionnaire d'origine,canon kabushiki kaisha
date de d p t,3 juil 2007
date de priorit,9 mars 2006
date de publication,29 d c 2009
exporter la citation,bibtex endnote refman
inventeurs,minako kawabe hiroshi tomioka hiroyuki takuhara satomi yanagimachi yuuki nishino
num ro de demande,"us 11 772,962"
num ro de publication,us7637603 b2
num ro de publication,11772962 772962 us 7637603 b2 us 7637603b2 us b2 7637603 us7637603 b2 us7637603b2
type de publication,octroi
tat de paiement des frais,pay
